国家,行政区名称,Alpha,Beta,"Corr(Y, λ)",P值,显著,事件总数
Yemen,Al Mukalla City,0.49835937915809186,1e-06,0.498363087149467,0.0016047461747039637,✓,2
Lebanon,Baabda,0.4849156771170394,0.48860365918367105,0.7330529563357351,1e-10,✓,220
Lebanon,Nabatiyeh,0.4261394179726836,0.5215678385855262,0.8740688105216177,1e-10,✓,1246
Palestine,Gaza ash Shamaliyah,0.4185079647854148,0.5293757944839772,0.7276778548541973,1e-10,✓,2652
Palestine,Khan Yunis,0.4162378322063683,0.5289586339249975,0.8047842976386433,1e-10,✓,3556
Yemen,Al Misrakh,0.39507070558101964,1e-06,0.39506582681749186,0.00019760102320320883,✓,5
Palestine,Gaza,0.39098270397128837,0.559922415737467,0.7064613554240475,1e-10,✓,4853
Israel,Haifa,0.34824341068700343,0.6374214046696746,0.7182985232193805,1e-10,✓,185
Lebanon,Saida,0.3427514090388776,0.6107621835715722,0.7634873666592001,1e-10,✓,510
Palestine,Deir Al-Balah,0.33909885052140887,0.6241812611283019,0.6573102567463548,1e-10,✓,3520
Yemen,Ba'dan,0.3300155539112871,1e-06,0.33005453095452825,0.004456859758540599,✓,3
Yemen,Mahliyah,0.3300152940321541,1e-06,0.3300545309545306,0.004456850241638888,✓,3
Yemen,Al Garrahi,0.3300152689285045,1e-06,0.33005453095452764,0.004456850241682908,✓,3
Yemen,Arhab,0.3299645569542371,0.4999023126201154,0.15424896296483437,0.00027260836877596173,✓,3
Palestine,Kermanshah,0.32978749060761303,1e-06,0.3300545309545293,0.0044568634521416906,✓,3
Syria,Al Qamishli,0.31768286292235426,0.38826970432881525,0.3216173762630756,1e-10,✓,128
Syria,Hama,0.31410689855356266,0.4351858927754096,0.5667676636905451,1e-10,✓,65
Lebanon,Sour,0.31260317373581126,0.6729429044140847,0.8402602735441526,1e-10,✓,4269
Syria,Al-Malikiyah,0.28659729253768834,0.2260490589266518,0.3860312217480814,1e-10,✓,83
Syria,Jisr ash-Shugur,0.26985366742317773,1e-06,0.22155967785511366,1e-10,✓,76
Lebanon,West Bekaa,0.265409309627718,0.7027409128657279,0.6296646217447566,1e-10,✓,135
Yemen,Harf Sufyan,0.2622526115300714,0.6592302671510091,0.1797720002053904,1e-10,✓,20
Syria,Muhardeh,0.2500612312083644,0.3410406943618208,0.3723940114871908,1.0431216773687524e-07,✓,22
Syria,Baniyas,0.24809450498782493,0.523682870091254,0.33078429050663627,2.7531167900995968e-09,✓,16
Yemen,Harad,0.245089774705477,1e-06,0.24507382499615532,0.008955925382276131,✓,4
Yemen,Al Jubah,0.24502752703672706,1e-06,0.2450738249961557,0.008955945238006247,✓,4
Yemen,Kitaf wa Al Boqe'e,0.23964247183987586,0.7368715852059768,0.5109747491893911,1e-10,✓,26
Palestine,Rafah,0.2390774353584798,0.7182208051311028,0.6680701696608045,1e-10,✓,2106
Yemen,As Sabain,0.23328184897371168,0.05504981401881498,0.12049682993710314,1.1377183593785922e-05,✓,30
Syria,'Ayn al-'Arab,0.22697093850789377,0.7532867990118701,0.7021516938387028,1e-10,✓,414
Israel,HaZafon,0.22370057515572336,0.6744885595597933,0.7694921508055171,1e-10,✓,2976
Yemen,Mawza,0.21455890740879216,0.14789330041679252,0.18471038547634128,0.019756733813762917,✓,5
Syria,Jabal Sam'an,0.20628851355462102,0.7797638708618867,0.6172320661230273,1e-10,✓,1353
Syria,Idlib,0.20579098587689895,0.7425813946993001,0.43318361450049925,1e-10,✓,721
Lebanon,Aley,0.20286402203294787,0.7799089573180119,0.5206352002820973,1e-10,✓,48
Yemen,Al Mudhaffar,0.1998074364215799,1e-06,0.21925046072346618,0.0001732651551700215,✓,26
Lebanon,Baalbeck,0.1910345294998929,0.7915378898842008,0.6839282070182148,1e-10,✓,697
Yemen,Bart Al Anan,0.18713437445941275,0.7016506726504846,0.35804926049794034,1.960095844738552e-05,✓,6
Lebanon,Hermel,0.18605937316960353,0.790203704386243,0.4661831335594656,1e-10,✓,114
Syria,As-Sanamayn,0.18595942773165072,1e-06,0.2317032467038604,9.000315095930578e-06,✓,47
Syria,Ma'arrat al-Numan,0.18548689162252147,0.6661604198527683,0.41262746710185516,1e-10,✓,585
Syria,Arihah,0.18538229804273879,0.7935260966760788,0.4902248270845261,1e-10,✓,912
Syria,Latakia,0.18032246010687894,0.6751957686823516,0.2931530428744355,1e-10,✓,214
Yemen,Kamaran,0.1764161189812267,0.7691371759426107,0.5093138017552499,1e-10,✓,19
Yemen,Al Khawkhah,0.17613682672534833,0.3228731988388592,0.15623246701100346,0.006989245310941472,✓,7
Syria,Ar-Rastan,0.17404829471267877,0.5910601603746958,0.2268729178527725,2.3997559695509985e-06,✓,16
Yemen,Sanhan,0.17248573210704485,0.784602996889082,0.30413632859975,1e-10,✓,31
Syria,Hims,0.17183434287706187,0.25129739127725703,0.09238625116078912,8.476929281897583e-05,✓,55
Syria,Jarabulus,0.17179571149154804,0.44224814939870194,0.2231436050803675,4.465176006718252e-10,✓,170
Yemen,Sa'adah,0.17096037908669826,0.7599489240149321,0.3776545325134123,1e-10,✓,29
Yemen,Washhah,0.16281792762760766,0.6670228223253037,0.14024810475726818,0.013402786449088155,✓,2
Yemen,Al Bayda,0.16281791175264826,0.6670228536071952,0.1402481104563559,0.013402771638506839,✓,2
Syria,Tal Abyad,0.15869752882215485,0.7108866669277208,0.25530106791099894,1e-10,✓,340
Yemen,Ghamr,0.15827276648241348,1e-06,0.15842939939207254,0.02350754679699424,✓,6
Yemen,As Safra,0.15525102974637994,0.7594998067385562,0.3958195057475137,9.69021696217709e-10,✓,16
Lebanon,Zahleh,0.15505504553091212,0.8274977313271372,0.5063401988998192,1e-10,✓,108
Syria,A'zaz,0.14973545831728793,0.7191890593384069,0.28563842687337737,1e-10,✓,588
Syria,Jableh,0.14824872129756828,0.3664179510591665,0.11745293221928602,0.004757831187985839,✓,11
Lebanon,Jezzine,0.14647247876733602,0.7825037765257558,0.4582684924449402,1e-10,✓,346
Lebanon,Marjaayoun,0.14596804081338352,0.7599769842898093,0.7200384957092942,1e-10,✓,3393
Syria,Al Bab,0.14491350974448394,0.712396392247645,0.22943991287922635,1e-10,✓,205
Israel,HaDarom,0.14320795152362562,0.7922474789943079,0.5199398071644328,1e-10,✓,372
Yemen,Medghal,0.14308903562129344,0.501382801535516,0.1912623033174085,0.0008161528920933026,✓,11
Syria,As-Suwayda,0.1384716212251984,0.687784142020393,0.25169533643317754,4.8278555986325244e-08,✓,52
Syria,Damascus,0.13718350840482907,0.5118346376389359,0.16892700066696947,0.003464035951194988,✓,9
Lebanon,Bint Jbayl,0.13320108773985187,0.7889031346323637,0.8170932319995078,1e-10,✓,3258
Palestine,Zahedan,0.13292872531248096,1e-06,0.1031455546498874,0.03378453544387522,✓,7
Yemen,Bayt Al Faqiah,0.130962709741375,1e-06,0.10758485267062348,0.010804881905395247,✓,19
Yemen,Harib,0.13066675379400655,0.7671310103162268,0.09752996884488754,4.88814981861041e-05,✓,14
Syria,Deir ez-Zor,0.1296360925350766,0.7847405090941673,0.39453229096081727,1e-10,✓,632
Syria,Ath-Thawrah,0.12710817546877484,0.8125210714878335,0.3851734570259989,1e-10,✓,35
Syria,As-Suqaylabiyah,0.12520960758081295,0.8524824352769935,0.3702166739547607,1e-10,✓,609
Yemen,Az'zal,0.12467468797068573,0.8043155062523863,0.24977268221112242,5.054623664901836e-06,✓,9
Yemen,Nati',0.12419295412244764,0.7397303692380894,0.15722379220353816,0.0035684356498011938,✓,4
Syria,Al-Qusayr,0.1241101893055199,0.8444153832439892,0.31150786530339875,1e-10,✓,92
Yemen,Bajil,0.12213198714575621,0.40820023877168055,0.13015270963053097,0.005181124754893129,✓,19
Yemen,Al Husn,0.12092279631339858,0.813800901848311,0.17277680948735358,0.0017202526165984167,✓,3
Lebanon,Hasbaya,0.12062046792879956,0.8657569535789954,0.5888376791602414,1e-10,✓,1855
Yemen,Az Zahir,0.12000837788154284,0.1934849513618353,0.11398177432222771,0.01891147294268747,✓,15
Syria,Al-Mukharram,0.11886086946252897,0.3737865844703257,0.1293217290013723,0.01844126199369417,✓,9
Yemen,Salh,0.11550608780911595,0.7559183549991475,0.1727777898647965,1.7118721845788e-05,✓,30
Yemen,Al Wahdah,0.11441144520936536,0.8229663263802769,0.23261229418248605,8.14266392597518e-05,✓,6
Lebanon,Jubail,0.11279904825301648,0.8721671296306974,0.36224028790941587,1e-10,✓,30
Syria,Harem,0.10913076441422999,0.6151546225311844,0.16164161436007238,3.2356387420384713e-05,✓,39
Yemen,Khabb wa ash Sha'af,0.10869979695936667,0.6669644498592001,0.1640320913317854,0.0006036575148464229,✓,24
Lebanon,Beirut,0.10796690626649665,0.8805852073484556,0.21783546335542672,1e-10,✓,27
Yemen,Ath'thaorah,0.10712112862445487,0.7558696371001825,0.1747645973255403,1.9484785808709937e-06,✓,22
Yemen,Sahar,0.10497141251817417,0.868905025502822,0.3450123324147468,1e-10,✓,17
Yemen,Al Marawi'ah,0.10352158050241485,0.6666598792775156,0.09207377262667188,0.0382978703373138,✓,3
Yemen,Sabir Al Mawadim,0.09941168376224678,0.817100053027048,0.283117304504048,7.230238330269145e-08,✓,27
Palestine,Hebron,0.09802508374238393,0.1685886303326939,0.09399378847388944,0.03656144377086129,✓,17
Yemen,Merkhah Al Ulya,0.09786768338827122,1e-06,0.0978660535200378,0.06066990906285413,,9
Lebanon,Chouf,0.09747514024632392,0.8869058884566517,0.32509195043648476,1e-10,✓,23
Syria,Zabadani,0.09628618895294343,0.8627007641945744,0.27882132940740517,1.2396489945665223e-09,✓,23
Syria,Ra's al-'Ayn,0.0962816965879919,0.8718142653281398,0.3376079235132863,1e-10,✓,308
Yemen,Amran,0.09558771086192545,0.8003607901897386,0.09949013186788071,0.02631509852055669,✓,2
Yemen,Saqayn,0.09505223930248623,0.8533016844834908,0.24218510930284634,6.225346024196776e-05,✓,7
Israel,Golan,0.09045232796632764,0.8987527083435919,0.4015179193045229,1e-10,✓,309
Syria,Manbij,0.0893083240210471,0.8866560021305239,0.3310345535951361,1e-10,✓,397
Yemen,Bani Hushaysh,0.08912531819702933,0.8967040776941841,0.3282412584775214,1e-10,✓,31
Yemen,Ain,0.08673543797588533,0.6902293463431611,0.12875074489791277,0.020323534648933606,✓,6
Yemen,Majzar,0.08623842870416026,0.8855475004143633,0.2612125801239834,2.9742940554911e-08,✓,16
Yemen,Al Qabbaytah,0.08524543283894224,1e-06,0.060481003180015834,0.07731583319130286,,10
Yemen,Al Dhaher,0.08524414091637617,1e-06,0.05284300297601848,0.07731592300389734,,10
Syria,Abu Kamal,0.0847638314758376,0.6191429316672955,0.10260433460970846,0.0008253035313914303,✓,155
Israel,Jerusalem,0.08473928987767121,0.7565311979246282,0.16730806018942396,1.7133302976479747e-05,✓,23
Yemen,Bani Matar,0.08358382334684636,0.8696506047033739,0.327031552320019,1.7701208832043847e-09,✓,25
Yemen,Abs,0.08269210637166013,1e-06,0.1217764761336064,0.04413970392865163,✓,11
Yemen,Al Hazm,0.08032644225104481,0.9280384823521517,0.20452659944027057,4.3654416948535335e-06,✓,18
Syria,Izra',0.07957754092649086,0.04509673642953286,0.14337910159232226,0.0013028756767522465,✓,147
Syria,Qatana,0.07943606071445958,0.5014313658793951,0.10156305048360514,0.012495864238535104,✓,27
Yemen,Monabbih,0.07932570196825525,0.6100769224933966,0.08429492485219543,0.012210994703024503,✓,34
Lebanon,Batroun,0.07906919082626918,0.8333013793005087,0.08809745914838338,0.033177030854344314,✓,2
Yemen,Al Jabin,0.07906918707448929,0.8333013800484897,0.08809745930890989,0.03317706926342895,✓,2
Yemen,As Salif,0.07876575919553655,0.8518885888006662,0.19392325386027326,1.1865917414755067e-06,✓,43
Syria,Al-Qutayfah,0.07743617874273508,0.849482615748235,0.19233669640911497,0.00024159159471920377,✓,11
Syria,Afrin,0.07663271123199157,0.8624909070054327,0.16769211860465053,3.1993530047458307e-09,✓,161
Yemen,Bani Al Harith,0.07661205487119721,0.903928058415463,0.16493663415168122,1.3370110574228988e-10,✓,29
Syria,Ar-Raqqah,0.07555980496313648,0.8373395134127711,0.1603535834053527,6.792296452284852e-06,✓,227
Yemen,As Silw,0.0751489944384203,0.8954930252645269,0.15743372734688932,0.0009275292373107646,✓,4
Yemen,As Sawma'ah,0.07496359174139564,0.6695086813881537,0.04287981655726095,0.050615866014965094,,7
Yemen,Marib City,0.07495583836221197,0.7569812174156605,0.07979635493331158,0.024031555100348323,✓,8
Lebanon,Kasrouane,0.07473258907124028,0.9167387475295715,0.20076240525893416,1.0470590949829273e-08,✓,12
Yemen,Hays,0.0728041129785094,0.8300453526186012,0.23691253695657416,2.5446233125059337e-06,✓,45
Syria,Qardaha,0.07200587729680351,1e-06,0.13936024373332434,0.02966407880787475,✓,13
Yemen,Zabid,0.07191282669781762,0.6665518804307595,0.06479734643065554,0.07779070341069039,,4
Lebanon,Rachiaya,0.07120295310005231,0.9049094213508472,0.23518438954409857,2.8927488116003985e-07,✓,16
Yemen,Bayhan,0.06919894111557189,0.5022259734688602,0.07589151615023317,0.05184668665748232,,20
Palestine,Bethlehem,0.06913970227836089,0.8897774172421612,0.1416441528538542,0.0002912055337284669,✓,10
Yemen,Maqbanah,0.06780882905582185,0.7970246935953361,0.1132985253222574,0.00043770250432956237,✓,46
Syria,Mayadin,0.06487661528091422,0.8764146973227144,0.1816026244732387,3.0232157000043e-08,✓,266
Israel,HaMerkaz,0.06466548170549422,0.9043215737199078,0.32870776679614605,1e-10,✓,128
Palestine,Jerusalem,0.06308593258639644,0.8636086455741624,0.05579514639846689,0.008128459097958951,✓,10
Syria,Markaz Rif Dimashq,0.06303486345981663,0.7094585849156079,0.18978979559965733,3.635425123965641e-05,✓,100
Israel,Tel Aviv,0.06163419744218305,0.9189244764034215,0.2576594823716273,1e-10,✓,100
Yemen,Sirwah,0.057914286771135706,0.8388773800354308,0.1112858255829694,0.0024578527617206136,✓,27
Yemen,Manakhah,0.057666198160841196,0.8760089615241634,0.07279947939870286,0.0474421554794795,✓,2
Palestine,Saravan,0.056920371306736675,1e-06,0.05692305201612617,0.13966521565396772,,13
Yemen,Al Ma'afer,0.05691961696905937,1e-06,0.04330860434750283,0.13966580340127194,,13
Yemen,Midi,0.05601909504520774,0.5033075826852008,0.07342550568424326,0.10223266815066462,,9
Yemen,Al Abdiyah,0.055312255005263745,0.8371382414016075,0.0825967818820264,0.03218537631958629,✓,5
Syria,An-Nabk,0.05491562468650211,0.7091679202994656,0.05756179193216277,0.06414869780966082,,8
Yemen,At Tuhayat,0.054786432493748725,0.8998984764562568,0.16756271267402792,8.149069454788105e-07,✓,53
Syria,At-Tall,0.05282042557009302,0.7871056829634689,0.10092623679495474,0.024262390274382595,✓,7
Syria,Al-Hasakah,0.05274111122848353,0.899021318394824,0.18077022525857125,1.596224109556843e-07,✓,228
Palestine,Qalqilya,0.05272108590961638,0.11395688253287789,0.0443103001629823,0.12602764876220268,,37
Lebanon,Akkar,0.05241396327018896,0.8936659074380049,0.11302541337798384,2.0220896558509338e-05,✓,23
Yemen,Shada'a,0.051915903066448346,0.9149798483252322,0.1696273532332323,3.0332067430638432e-05,✓,31
Yemen,Majz,0.05068829914294591,0.9205183385928781,0.13888667080958156,0.00019885352745613316,✓,10
Yemen,Al Azariq,0.046796909379153866,0.8333298383489263,0.0535958836347412,0.09502884894349606,,3
Syria,Daraa,0.04634414053325075,0.49476087402820274,0.061224891672564674,0.05063906577201527,,126
Palestine,Tulkarm,0.04624835701340562,0.9184877657424657,0.12669746903921222,0.00016314702692465932,✓,71
Yemen,Merkhah As Sufla,0.04536815016079754,0.7729003866414447,0.05228191429934651,0.11265577077805006,,4
Palestine,Jenin,0.04473806594841232,0.9276377671576284,0.21096839485171054,1.7455121459342138e-08,✓,160
Syria,Quneitra,0.04386258093189319,0.8787135605726212,0.10201909912211124,0.002637048521279939,✓,64
Yemen,Hayfan,0.04323894088640419,1e-06,0.04325526847453143,0.19066725069241297,,15
Yemen,Baqim,0.04134511905192591,0.7853742886752956,0.06544863022561306,0.07028489668925852,,17
Syria,Duma,0.03966529779433749,0.9281383187497125,0.12790661443911214,0.0009331819257389351,✓,25
Syria,Masyaf,0.03740696486583107,0.8391391607790687,0.07943190274721593,0.05515457407105756,,9
Yemen,Ad Durayhimi,0.03708534992764618,0.9189415488371031,0.13105547336901294,0.00048198704744406573,✓,38
Yemen,Hamdan,0.036174894135725284,0.8795392899954121,0.08670298827453457,0.018532963096986266,✓,10
Yemen,Ad Dhale'e,0.03617483235983817,0.8817940758730815,0.08104352779930017,0.022650840349241197,✓,35
Yemen,Usaylan,0.0361097282912863,0.9382679597951866,0.0835997249998164,0.026501848978755738,✓,3
Syria,Al-Haffah,0.03610866935363131,0.9208454940870673,0.10011811715211068,0.0037573123378693563,✓,59
Syria,Salkhad,0.03546231987962332,0.9056169285753047,0.11351804039555047,0.00015283645911934318,✓,25
Syria,Palmyra,0.03494139770920801,0.9250178051488996,0.09059506763775932,0.0010465731866731165,✓,202
Yemen,At Ta'iziyah,0.03432534455677589,0.8132014786943121,0.050777126100616375,0.08110233436673975,,30
Yemen,Qa'atabah,0.032490359118593354,0.9501318378591688,0.16477771800555602,7.783950240258797e-06,✓,75
Yemen,Lawdar,0.03047632432875668,0.9183053642018536,0.09290756627374168,0.01007107084625064,✓,33
Palestine,Tubas,0.028912982590727575,0.9514310571284424,0.10765103815034542,0.0006843777188961786,✓,37
Yemen,Al Khalq,0.028479748101870764,0.9665001146900241,0.1173731374281436,0.005524853627603854,✓,4
Yemen,Marib,0.02701668709797651,0.6890543526408227,0.04052423813227326,0.18863419435085538,,22
Yemen,Al Hawak,0.023634333235981044,0.49133140297569433,0.03951148965042249,0.21293435755543783,,27
Yemen,Al Hali,0.021625935803042017,0.7177834027723385,0.02828244012580939,0.232407332585931,,43
Yemen,Al Mina,0.019258635956209816,0.7026023377029277,0.027411429393662697,0.2533458685239156,,12
Yemen,Mukayras,0.017391654747699905,0.9568871894520931,0.04933355658131301,0.06607268465522642,,7
Palestine,Ramallah and Al-Bireh,0.015336042116756524,0.7197900859998803,0.026463076072494193,0.2353450866351866,,18
Yemen,Al Munirah,0.01409321985449966,0.9346349226033396,0.028846548548388737,0.21604024967926871,,5
Yemen,Al Musaymir,0.01264904131243692,0.91176649210845,0.05131149397436157,0.1429224718961074,,9
Yemen,Old City,0.011980950669744308,0.9944217730222086,0.1282034949421152,0.0004535009606900231,✓,8
Palestine,Nablus,0.01162037352819593,0.4889545751991214,0.018300670616730547,0.3425025878054857,,72
Syria,As-Safirah,0.011320320991045449,0.49287463222465977,0.012508983862306877,0.3766488625612894,,18
Syria,Tartus,0.0030153708943536834,0.5651352075524265,0.00041649834916487514,0.4809824269161171,,10
Palestine,Khorrambid,1e-06,0.06533377299231467,-0.001744667856056607,0.5,,1
Palestine,Karaj,1e-06,0.06533390504957656,-0.001744668087870906,0.5,,1
Palestine,Tiran and Karvan,1e-06,0.06533374564838133,-0.0017446678080567351,0.5,,1
Palestine,Borujen,1e-06,0.06533377299231467,-0.001744667856056607,0.5,,1
Palestine,Shahriyar,1e-06,0.06533390504957656,-0.001744668087870906,0.5,,1
Yemen,Al Mansuriyah,1e-06,0.06533376242704933,-0.001744667837509995,0.5,,1
Yemen,Damt,1e-06,0.06533404729493934,-0.0017446683375700685,0.5,,1
Yemen,Jahaf,1e-06,0.06533374412501927,-0.001744667805382868,0.5,,1
Yemen,Ad Dahi,1e-06,0.06533406768532751,-0.0017446683733633372,0.5,,1
Yemen,Dimnat Khadir,1e-06,0.06533376029848412,-0.0017446678337733462,0.5,,1
Yemen,Dhubab,1e-06,1e-06,-0.006568151110469361,0.49920816819084324,,4
Yemen,Jabal Habashy,1e-06,1e-06,-0.006568151110469324,0.4992081681894151,,4
Yemen,Al Husha,1e-06,0.06533374956523537,-0.0017446678149321444,0.5,,1
Yemen,Ataq,1e-06,0.49616911358694005,-0.02012884306569388,0.5,,7
Yemen,Habban,1e-06,1e-06,-0.0032733257062968917,0.5,,2
Yemen,Bilad Ar Rus,1e-06,1e-06,-0.004918037729109072,0.5,,3
Yemen,Khwlan,1e-06,0.0653337708933959,-0.0017446678523721569,0.5,,1
Yemen,Nihm,1e-06,0.5168717654060272,-0.009664536239431098,0.5,,12
Palestine,Bandar-e-Lengeh,1e-06,0.06533374160628222,-0.0017446678009608496,0.5,,1
Yemen,Arma,1e-06,0.0653339330770231,-0.0017446681370708885,0.5,,1
Yemen,As Said,1e-06,0.5054101748515525,-0.017554277762415037,0.5,,18
Palestine,Chahbahar,1e-06,0.06533371782163432,-0.0017446677592092455,0.5,,1
Palestine,Shahrud,1e-06,0.06533390504957656,-0.001744668087870906,0.5,,1
Palestine,Khash,1e-06,1e-06,-0.004918037729109041,0.5,,3
Palestine,Iranshahr,1e-06,1e-06,-0.003273325706296866,0.5,,2
Palestine,Abadan,1e-06,0.06533390504957656,-0.001744668087870906,0.5,,1
Palestine,Razan,1e-06,0.06533390504957656,-0.001744668087870906,0.5,,1
Yemen,Hatib,1e-06,0.06533375255590909,-0.0017446678201821595,0.5,,1
Yemen,Mudiyah,1e-06,0.48898584069138323,-0.008159609526168649,0.49769558388462487,,61
Yemen,Al Malagim,1e-06,1e-06,-0.0032733257062968566,0.5,,2
Yemen,Al Quraishyah,1e-06,1e-06,-0.004918037729109054,0.5,,3
Yemen,As Sawadiyah,1e-06,1e-06,-0.0049180377291090744,0.5,,3
Yemen,Dhi Na'im,1e-06,1e-06,-0.0032733257062968857,0.5,,2
Yemen,Na'man,1e-06,0.5273713375684528,-0.004422653760653688,0.5,,9
Yemen,Radman Al Awad,1e-06,1e-06,-0.0032733257062968995,0.5,,2
Yemen,Al A'rsh,1e-06,1e-06,-0.008223692501853406,0.5,,5
Yemen,Sarar,1e-06,0.0653337653322793,-0.0017446678426096798,0.5,,1
Yemen,Ma'ain,1e-06,0.0653337708933959,-0.0017446678523721569,0.5,,1
Yemen,Shu'aub,1e-06,1e-06,-0.005860296565057885,0.5,,5
Yemen,Al Qaflah,1e-06,0.06533497827341878,-0.0017446699718214583,0.5,,1
Yemen,Al Ashah,1e-06,0.0653337799460677,-0.0017446678682631455,0.5,,1
Yemen,Habur Zulaymah,1e-06,0.06533376296568129,-0.001744667838455376,0.5,,1
Yemen,Jabal Iyal Yazid,1e-06,0.06533377193274004,-0.0017446678541963862,0.5,,1
Yemen,Khamir,1e-06,1e-06,-0.004369201548311481,0.5,,4
Yemen,Dhi Bin,1e-06,0.0653337799460677,-0.0017446678682631455,0.5,,1
Yemen,Al Hada,1e-06,0.06533497827341878,-0.0017446699718214583,0.5,,1
Yemen,Anss,1e-06,1e-06,-0.0032733257062968475,0.5,,2
Yemen,Dhamar City,1e-06,1e-06,-0.003273325706296887,0.5,,2
Yemen,Mayfa'at Anss,1e-06,0.06533376307534042,-0.0017446678386479188,0.5,,1
Yemen,Al Abr,1e-06,1e-06,-0.0058602965650578764,0.5,,5
Yemen,Ghayl Bin Yamin,1e-06,0.06533363492535312,-0.0017446676136919745,0.5,,1
Yemen,Wadi Al Ayn,1e-06,0.0653337808266303,-0.0017446678698087375,0.5,,1
Yemen,Suwayr,1e-06,1e-06,-0.0032733257062968583,0.5,,2
Yemen,Az Zaydiyah,1e-06,0.06533373609293765,-0.0017446677912825229,0.5,,1
Yemen,Wald Rabi',1e-06,1e-06,-0.0065681511104693354,0.49985903720641994,,4
Yemen,Al Ghayl,1e-06,1e-06,-0.004918037729109085,0.5,,3
Yemen,Az Zuhrah,1e-06,1e-06,-0.0032733257062968588,0.5,,2
Yemen,Al Humaydat,1e-06,0.06533376296568129,-0.001744667838455376,0.5,,1
Yemen,Al Maslub,1e-06,1e-06,-0.0032733257062968657,0.5,,2
Yemen,Al Maton,1e-06,1e-06,-0.006568151110469312,0.49888908903533336,,4
Yemen,Bura,1e-06,0.06533374182380472,-0.0017446678013429357,0.5,,1
Yemen,Kharab Al Marashi,1e-06,0.06538204351444958,-0.0017447525929897708,0.5,,1
Yemen,Al Mahwait City,1e-06,0.06533377389204584,-0.0017446678576361293,0.5,,1
Yemen,Bani Sa'd,1e-06,0.06533373078035214,-0.0017446677819570417,0.5,,1
Yemen,At Tawilah,1e-06,0.0653337650384767,-0.0017446678420939322,0.5,,1
Yemen,Milhan,1e-06,0.06533374959062334,-0.0017446678149770692,0.5,,1
Yemen,Assafi'yah,1e-06,1e-06,-0.00656815111046934,0.5,,4
Yemen,At Tahrir,1e-06,1e-06,-0.003273325706296892,0.5,,2
Yemen,Alluheyah,1e-06,0.4708771561133041,-0.002885630042256732,0.5,,13
Yemen,Hayran,1e-06,1e-06,-0.0032733257062968653,0.5,,2
Yemen,Hajjah City,1e-06,0.0653337755546307,-0.0017446678605540597,0.5,,1
Yemen,Bani Qa'is,1e-06,0.0653337708933959,-0.0017446678523721569,0.5,,1
Yemen,Bakil Al Mir,1e-06,0.06533376029848412,-0.0017446678337733439,0.5,,1
Yemen,Khanfir,1e-06,1e-06,-0.003273325706296877,0.5,,2
Yemen,Jayshan,1e-06,1e-06,-0.003273325706296865,0.5,,2
Yemen,Al Wade'a,1e-06,0.06533375540979314,-0.0017446678251917091,0.5,,1
Yemen,Al Mahfad,1e-06,1e-06,-0.004369201548311466,0.5,,4
Yemen,Ahwar,1e-06,0.06533407211574861,-0.0017446683811409307,0.5,,1
Yemen,Dar Sad,1e-06,1e-06,-0.006568151110469329,0.4998590372024087,,4
Yemen,Craiter,1e-06,0.06533405472073948,-0.0017446683506056125,0.5,,1
Yemen,Al Mansura,1e-06,0.06533377193274004,-0.0017446678541963862,0.5,,1
Yemen,Al Buraiqeh,1e-06,0.06533375226167178,-0.001744667819666075,0.5,,1
Syria,Safita,1e-06,1e-06,-0.003273325706296879,0.5,,2
Syria,Duraykish,1e-06,1e-06,-0.003273325706296901,0.5,,2
Syria,Yabrud,1e-06,1e-06,-0.004918037729109045,0.5,,3
Syria,Darayya,1e-06,1e-06,-0.009884688730343117,0.4994566714160851,,6
Yemen,Al Had,1e-06,1e-06,-0.009884688730343075,0.5,,6
Yemen,Al Hawtah,1e-06,0.06533377998018618,-0.0017446678683229818,0.5,,1
Syria,Talkalakh,1e-06,1e-06,-0.004918037729109042,0.5,,3
Yemen,As Sabrah,1e-06,1e-06,-0.0032733257062968653,0.5,,2
Yemen,Dhi As Sufal,1e-06,1e-06,-0.003273325706296864,0.5,,2
Yemen,Ibb,1e-06,1e-06,-0.0032733257062968644,0.5,,2
Syria,Shahba,1e-06,0.4900129684953996,-0.02678567044704307,0.5,,11
Yemen,Harib Al Qaramish,1e-06,1e-06,-0.003273325706296867,0.5,,2
Yemen,Tuban,1e-06,1e-06,-0.00988468873034311,0.5,,6
Yemen,Al Madaribah Wa Al Arah,1e-06,0.06533376029848412,-0.0017446678337733439,0.5,,1
Yemen,Jiblah,1e-06,0.06533373920133254,-0.001744667796739038,0.5,,1
Yemen,Mabyan,1e-06,0.06533376798172401,-0.001744667847260827,0.5,,1
Yemen,Mustaba,1e-06,0.06533380945348698,-0.0017446679200608364,0.5,,1
Yemen,Al Dhihar,1e-06,0.06533390812957673,-0.0017446680932771742,0.5,,1
Yemen,Al Mashannah,1e-06,1e-06,-0.003273325706296914,0.5,,2
Palestine,Salfit,1e-06,0.4843574756888075,-0.004009392908179744,0.5,,11
Palestine,Jericho,1e-06,1e-06,-0.0016339885647623708,0.5,,2
Yemen,Jabal Murad,1e-06,0.06533378597079757,-0.0017446678788385994,0.5,,1
Yemen,Raghwan,1e-06,0.49619107793012274,-0.020126651850304895,0.5,,7
Syria,Salamiyah,1e-06,0.49132003398147445,-0.028597257548612306,0.5,,72
Yemen,Haydan,1e-06,0.06533377193274004,-0.0017446678541963862,0.5,,1
Yemen,Razih,1e-06,0.4946382382031552,-0.024892166588753102,0.5,,9
Yemen,Qatabir,1e-06,0.4957056000655555,-0.02012265656104036,0.5,,7
Palestine,Zabol,1e-06,0.06533393768328705,-0.0017446681451566898,0.5,,1
Palestine,Eslamshahr,1e-06,1e-06,-0.0016339885647623767,0.5,,2
Yemen,Nisab,1e-06,0.06533375197283042,-0.0017446678191582667,0.5,,1
Yemen,Rudum,1e-06,0.06533497827341878,-0.0017446699718214583,0.5,,1
Palestine,Kerman,1e-06,0.0653337327107843,-0.0017446677853458642,0.5,,1
Yemen,Al Qahirah,1e-06,0.48991393111113646,-0.0270394498392161,0.5,,27
Yemen,Al Wazi'iyah,1e-06,1e-06,-0.0032733257062968675,0.5,,2
Yemen,Ash Shamayatayn,1e-06,0.06533376296568129,-0.001744667838455376,0.5,,1
Lebanon,Bcharre,1e-06,0.06533374497064698,-0.0017446678068672825,0.5,,1
Lebanon,Koura,1e-06,0.06533374965684885,-0.0017446678150934453,0.5,,1
Lebanon,Minieh-Danieh,1e-06,1e-06,-0.00491803772910905,0.5,,3
Lebanon,Zgharta,1e-06,1e-06,-0.004918037729109054,0.5,,3
Palestine,Pakdasht,1e-06,0.06533390504957656,-0.001744668087870906,0.5,,1
Palestine,Rey,1e-06,1e-06,-0.0016339885647623767,0.5,,2
Palestine,Shemiranat,1e-06,0.06533393545943839,-0.001744668141252767,0.5,,1
Palestine,Theran,1e-06,0.06533390504957656,-0.001744668087870906,0.5,,1
Palestine,Ilam,1e-06,0.06533390504957656,-0.001744668087870906,0.5,,1
Yemen,Al Haymah Ad Dakhiliyah,1e-06,0.0653337755546307,-0.00174466786055406,0.5,,1
Yemen,Al Haymah Al Kharijiyah,1e-06,0.06533403504016187,-0.0017446683160576239,0.5,,1
Yemen,Mawiyah,1e-06,1e-06,-0.003273325706296879,0.5,,2
Yemen,Sama,1e-06,0.06533374989446535,-0.0017446678155104115,0.5,,1
Palestine,Bandar-e-Mahshahr/Hendijan,1e-06,0.06533390504957656,-0.001744668087870906,0.5,,1
Yemen,Al Mukha,1e-06,0.5074500619142387,-0.01771474547804539,0.5,,7
Palestine,Ahvaz,1e-06,0.06533390504957656,-0.001744668087870906,0.5,,1
