国家,行政区名称,Alpha,Beta,Sigma_km,"Corr(Y, λ)",p_value,显著
Israel,Tel Aviv,0.8,0.291166121556073,149.99945733843276,0.24893633392521572,1.256805770566416e-11,✓
Lebanon,Baalbeck,0.8,0.9105828108790939,149.98603558287505,0.5307636832214936,0.0,✓
Lebanon,Hermel,0.8,0.3470014361642918,149.99923266100433,0.29505643873638876,2.975508728297882e-12,✓
Israel,HaZafon,0.8,0.9705697767427769,149.98895518464334,0.5059918582944114,0.0,✓
Israel,Golan,0.8,0.8096667584895815,149.9299342599426,0.37163086464714595,0.0,✓
Israel,Haifa,0.8,0.6753730594371296,149.98884974132596,0.596145101341807,0.0,✓
Israel,HaDarom,0.8,0.17555613700621672,149.99978806688938,0.06601095922155062,0.0010062938881816308,✓
Lebanon,Hasbaya,0.8,0.9438168338817416,149.99963282754246,0.24103137667587285,0.0,✓
Lebanon,Bint Jbayl,0.8,0.9738617004728161,149.99964835245058,0.6085307940030068,0.0,✓
Lebanon,Nabatiyeh,0.8,0.9497269773913215,149.99281353283317,0.608449941319489,0.0,✓
Lebanon,Marjaayoun,0.8,0.9688302006255624,149.99981043602747,0.4383209142103396,0.0,✓
Syria,Jarabulus,0.8,0.5718944601379877,149.9991779342954,0.21213137028235463,1.0743930189960338e-09,✓
Palestine,Rafah,0.8,0.8849255773975311,149.99993006467093,0.17799420715987735,1.478331168591751e-08,✓
Palestine,Gaza ash Shamaliyah,0.8,0.9456486339622032,149.99988826362514,0.42570272213976185,0.0,✓
Palestine,Gaza,0.8,0.9288693361118898,149.9999332122309,0.2288046918603904,4.551914400963142e-15,✓
Lebanon,Saida,0.8,0.8801486987704561,149.9805415036156,0.5273139461062066,0.0,✓
Syria,Jabal Sam'an,0.8,0.9417246573423834,149.99929405143905,0.5239342317013532,0.0,✓
Syria,Afrin,0.8,0.34147833518124426,149.99930035860908,0.07494997225702635,0.0010185492342265623,✓
Lebanon,Jezzine,0.8,0.8280630860731406,149.99400421610355,0.3293219392612765,0.0,✓
Lebanon,Sour,0.8,0.9754761688028721,149.99968486116282,0.5826912279297803,0.0,✓
Lebanon,West Bekaa,0.8,0.5677550713178029,149.9953738305221,0.5237732861103046,0.0,✓
Syria,Arihah,0.8,0.9052868688435252,149.9996385814568,0.3617138380544349,0.0,✓
Syria,Jisr ash-Shugur,0.8,0.06538645568001183,149.9988449363065,0.15720032089497224,2.921530641852854e-07,✓
Syria,Latakia,0.8,0.694325727538605,149.99969746255263,0.23550088186802057,1.2285283901292132e-11,✓
Syria,As-Suqaylabiyah,0.8,0.8787758257948102,149.99974666786832,0.24937489557180664,0.0,✓
Syria,Al Qamishli,0.8,0.2053692641603107,149.99892151070702,0.08800214568717837,1.25129491096998e-05,✓
Syria,A'zaz,0.8,0.8437408640541453,149.99984748506424,0.1355170181332267,3.231304113171518e-13,✓
Syria,Ma'arrat al-Numan,0.8,0.86261580984872,149.99987946012186,0.16225962693223095,2.8660407380698416e-13,✓
Lebanon,Baabda,0.7771905699155672,0.7398526153138956,149.99616116601717,0.583429405137998,0.0,✓
Palestine,Deir Al-Balah,0.7667354050907527,0.9530127104246271,149.99979782915247,0.3144629601001226,0.0,✓
Lebanon,Zahleh,0.7355288453711413,0.5125510046115578,149.99114045299498,0.3783342263957025,0.0,✓
Syria,Idlib,0.7098113411231293,0.8970519463295377,149.9996544634166,0.3555946139813264,0.0,✓
Syria,Al-Haffah,0.6536402529051472,0.01,149.99888105478124,0.1499531981818856,0.0001983080867586362,✓
Israel,HaMerkaz,0.6435498944216843,0.4193857161880394,149.99950258506212,0.1183063197284077,2.1325621339385314e-06,✓
Syria,Al-Malikiyah,0.6070294116439782,0.01,149.9998195315307,0.09912581276148419,0.00041103852340712566,✓
Lebanon,Jubail,0.3373876245603149,0.19446607513908654,149.99164340134215,0.3782324929103963,2.3349544520101517e-11,✓
Lebanon,Aley,0.33652610356692314,0.49798498714264633,149.99585214423104,0.42792254397327173,0.0,✓
Syria,Zabadani,0.3177553323995156,0.01,149.9985552535209,0.2838538324646461,4.924718894905311e-07,✓
Syria,Mayadin,0.3086599686305244,0.7082153871902281,149.99999467648604,0.0646525346429465,0.02050290375312458,✓
Yemen,Hays,0.30229780362297537,0.19543381458154574,149.99985152026923,0.034525231825645,0.08972569870076502,
Palestine,Ramallah and Al-Bireh,0.24844358324664356,0.01,150.00154877565464,0.09956940592638189,0.00345203859108395,✓
Lebanon,Chouf,0.2473385598586689,0.22898822975335092,149.9959707217224,0.3134719251758409,1.0428068464296558e-08,✓
Syria,Salkhad,0.21256454379002465,0.01,150.00018917476532,0.022224635105530875,0.11524152487011208,
Lebanon,Beirut,0.15736019682509714,0.5826008708698501,149.9977164717202,0.2701869170027524,8.058031464308613e-10,✓
Palestine,Salfit,0.11571989575724806,0.24514870435741848,150.00180746099127,0.055966261867364656,0.0019923448922862796,✓
Lebanon,Kasrouane,0.10927477992083981,0.34712687326658603,150.0012657907664,0.2810195830803462,1.0159992410274654e-05,✓
Yemen,Al Ma'afer,0.10573049292122438,0.39793268879393023,149.99984549406165,0.08948928753295424,0.015824588347944257,✓
Syria,Palmyra,0.09992425133374332,0.6995641941577264,150.0000012651722,0.03174914084451391,0.19437933841088484,
Yemen,Harib,0.09526117001053386,0.41990984898554173,149.99977700927576,0.012948166016762288,0.19595308511361575,
Syria,Al Bab,0.08853206430581118,0.9678223128343059,149.9999566586523,0.19663501148874288,2.9888980179748614e-11,✓
Yemen,Ad Dhale'e,0.0749337846544602,0.8511462281350408,455.03109131492596,0.08483153621128622,0.012414269479935236,✓
Yemen,Al Abr,0.07099961557598569,0.01,149.9978396128185,0.014287998729942865,0.30483891880033653,
Yemen,Qa'atabah,0.06656680700659119,0.7674103749576255,149.99999064688865,0.024379466780635593,0.21001297143778713,
Palestine,Hebron,0.06408627617550454,0.6269870660822943,150.000393786965,0.03697436563584735,0.12826641641488,
Yemen,Shada'a,0.06325525061520296,0.8422827951951941,149.9997888570079,0.013337531126023993,0.1893134208450612,
Yemen,Razih,0.05852101817821594,0.5539448114668463,149.99829987326385,0.019585935891424953,0.12491238872638755,
Palestine,Zahedan,0.05233863772955815,0.40169506370798863,149.99946918320828,0.07629877534081525,0.07062163394140664,
Syria,Ar-Raqqah,0.04955693462270033,0.6966099556970042,150.00000071503555,0.010209898419218431,0.3790861471725803,
Palestine,Jerusalem,0.04568573107435841,0.5671646533101427,150.0006215459461,0.06939729729692436,0.05913373896471763,
Palestine,Khash,0.04309615581921195,0.01,149.99812728723847,0.07673362995864677,0.056308730489136594,
Yemen,Usaylan,0.04292228786375695,0.017539084732233666,149.99752064444218,0.02563920121113494,0.16503308692289353,
Syria,Markaz Rif Dimashq,0.04264443318578699,0.9675322142388603,150.00017562345704,0.1287866887671853,4.453498168394132e-05,✓
Palestine,Kermanshah,0.04217120985228843,0.01,150.0009931294254,0.03703819271122361,0.12353384334543516,
Syria,Talkalakh,0.04125817460917764,0.01,150.0044600487318,0.09178605508897286,0.04337559146630493,✓
Lebanon,Minieh-Danieh,0.04124339602545233,0.01,150.003939097343,0.10037565751294085,0.03921774458527261,✓
Lebanon,Zgharta,0.03303494356109892,0.20858670538475862,150.00391225490134,0.19143634148324182,0.011364987591713893,✓
Lebanon,Rachiaya,0.031842384102534364,0.8580165298283353,150.00090377906088,0.23784771284333953,6.0888759436494855e-05,✓
Yemen,Bajil,0.031123496346946534,0.6540730594131753,149.9999281461385,0.03154662430173371,0.2373252078819072,
Yemen,Al Malagim,0.02879530033900573,0.01,149.99719939484976,0.048577297054947136,0.1182591043075586,
Yemen,Radman Al Awad,0.028744811606799384,0.01,149.99728589341595,0.03590863418339123,0.1656325124451985,
Lebanon,Batroun,0.02746725992959514,0.01,150.00437975455236,0.12778428559702407,0.04004236379612802,✓
Yemen,Harad,0.022338497166011557,0.6159607818254463,149.99792860074126,0.037051066297860744,0.1371907551887327,
Israel,Jerusalem,0.02228961939396451,0.6792960688537268,150.00005858312812,-0.02602033374589296,0.5,
Yemen,Ghamr,0.022193074559413363,0.7462342451010602,149.99815989721915,0.02055238602873256,0.1484392792752715,
Palestine,Nablus,0.02192978933010026,0.6922359365939199,150.00000570375667,-0.029336313439920225,0.5,
Palestine,Jericho,0.020802918606397842,0.25132337158389895,150.00214956999034,0.11629713595975316,0.029418023564665607,✓
Yemen,Al Maton,0.02033454644827754,0.5684597800638256,149.99893908195966,0.03535823708137796,0.2244107374684532,
Yemen,Al Mashannah,0.019771308281501903,0.3203407386021194,149.99747821181793,0.07504830818903248,0.08923641584622799,
Yemen,Al Musaymir,0.019338181324517013,0.8088817578054154,149.9995572751962,0.08283149716071819,0.07472172649784564,
Palestine,Tulkarm,0.0193076690799251,0.6899148095315009,150.0000059072687,0.005621286164581114,0.4240222940043987,
Yemen,Mawiyah,0.01915847893189478,0.3409938226042151,149.99686106789335,0.0900909780926906,0.09003629218791659,
Yemen,As Silw,0.01785373705049303,0.6948399893810207,149.99765632527573,0.029855817249144694,0.12940223321156608,
Yemen,Al Hawak,0.017583909358962167,0.6847090039410744,149.9999786169982,0.015073102506325951,0.3542143770934601,
Syria,Hims,0.015696671085609543,0.9605601387609174,150.00008203762107,0.1117097207216038,0.001521800406495688,✓
Syria,Darayya,0.015580661157198023,0.5863068962014666,150.00051020835068,0.03634726134111073,0.24956382420500567,
Yemen,Al Khawkhah,0.014879407128648285,0.6352214386577362,149.99987013859834,-0.08213809264229838,0.5,
Syria,Al-Qusayr,0.01440474483848706,0.99,149.9904101625394,0.27813545931426475,9.880984919163893e-15,✓
Yemen,Jahaf,0.014283483686165154,0.01,149.99614421017145,0.04577009703757548,0.17056949497778257,
Yemen,Al Husha,0.014229161402633347,0.01,149.99702859425352,0.024900018674561795,0.23064165122793495,
Yemen,Al Hawtah,0.014199129159401332,0.01,149.99703564065527,0.013507742517806164,0.28807070903079,
Yemen,Sarar,0.01419835463643614,0.01,149.99690243082316,0.012466060456942424,0.29508342347833805,
Yemen,Mustaba,0.014147642231466522,0.01,149.9973603409262,0.018048790170759353,0.2615873521808685,
Yemen,Hayran,0.01370490395409474,0.5254427922067139,149.99677882612357,0.007972892053530727,0.30532738210057064,
Lebanon,Bcharre,0.013687526040774771,0.01,150.00459555162558,0.13576090392903184,0.0789096851216981,
Lebanon,Koura,0.013613976773659043,0.01,150.00446646689048,0.0662321364011232,0.13527129590390757,
Palestine,Khorrambid,0.013243159262784585,0.065213250744025,149.99878355486615,0.01570512749644483,0.27490442313675906,
Palestine,Borujen,0.013180617973574761,0.06552782065154641,149.9994568014183,0.015692517844197826,0.27494346277291554,
Syria,Qatana,0.012026424706659931,0.9637365137961974,150.00039284148653,0.046675287261713695,0.058579059433122804,
Yemen,Ghayl Bin Yamin,0.011383925936797323,0.2173093409308392,149.99635405077402,0.1279826374336214,0.08506767180753727,
Yemen,Bayt Al Faqiah,0.011255537379024563,0.8954917044798989,149.99991476553024,0.03762750842096173,0.19455457182987368,
Yemen,As Said,0.011238815753604796,0.6865091975802758,149.999971989256,0.013012051951839498,0.3779398669968772,
Yemen,Habban,0.010887424743029598,0.6254302485688698,149.9973036551556,0.01102034985943749,0.28261364518164633,
Palestine,Zabol,0.010344818001494538,0.1991727723612278,149.99872282762132,0.005680529940958033,0.363329516522257,
Palestine,Rey,0.00984014685089641,0.6566848957941417,149.99968411573704,0.1086764219868524,0.03456834575848172,✓
Palestine,Eslamshahr,0.009834380872971542,0.6567439357022556,149.99978543920633,0.1086787244294081,0.03456608517649851,✓
Yemen,Arma,0.00868531017807287,0.3949180895374687,149.99677652588383,0.01804269969047421,0.2659073507407561,
Yemen,Mawza,0.008536975664270361,0.8818721205346203,506.1314166497524,0.12944146729632097,0.017909763369080345,✓
Yemen,Bayhan,0.008149960315674963,0.9417531249870973,149.99991560227573,0.059017769110939096,0.10651342606508069,
Yemen,Dar Sad,0.007351410159922703,0.8749870514795465,149.99723998382143,0.03443234806210093,0.2048025254708119,
Syria,Harem,0.00627728305399514,0.6939805001454079,150.00000657166538,0.004928242561680176,0.4461530542298619,
Palestine,Tubas,0.006155979894110869,0.987726242579678,150.00037564728325,0.15210901836296,0.0007907308701936011,✓
Palestine,Shemiranat,0.005844092045615797,0.5840394911960358,149.99996744742046,0.009554980052484034,0.32223769222976406,
Syria,Ar-Rastan,0.00560458255033971,0.975827588665612,150.00183765399865,0.14334657717096905,0.0006677837222351379,✓
Syria,Quneitra,0.005277882339591405,0.6994870803891038,150.0000022652274,0.0029924537196355004,0.46846199591253207,
Yemen,Dhi Na'im,0.005170362520996059,0.5027267933489069,149.99918997287176,0.015773946215941668,0.37899718908704866,
Yemen,Wald Rabi',0.0050042267083100726,0.48058199437968285,149.9996853067687,-0.0006259037133573357,0.5,
Palestine,Shahrud,0.004908596791843439,0.6567437506777158,150.0010402435308,0.10868548196357959,0.10045250689820512,
Palestine,Theran,0.004888227381709641,0.6568526599544321,149.99996439747758,0.10868146302316829,0.10043549392979528,
Palestine,Bandar-e-Mahshahr/Hendijan,0.004887085986474469,0.6576724307961314,150.00140781026803,0.10865311073202762,0.10052346170446086,
Palestine,Abadan,0.004886273646602568,0.6573228327910519,150.000668637375,0.10864018881071875,0.10052861600707802,
Palestine,Pakdasht,0.004885970046672748,0.6571382911041077,149.9999892445453,0.10868449514933107,0.10044111633924435,
Palestine,Shahriyar,0.004885198711956305,0.6567435601300454,150.00001132251123,0.10867848226990183,0.10043343482927358,
Palestine,Karaj,0.004884771300662213,0.656708776272722,150.00002815957038,0.10867957364393102,0.10042977041307088,
Palestine,Razan,0.0048729830184608735,0.6568107433831434,150.00038675346804,0.10867561791923079,0.10042852688511988,
Palestine,Ahvaz,0.004871694648244554,0.6579387711326239,150.00012900224775,0.10865905990014385,0.10050227322831606,
Palestine,Ilam,0.004846530208537062,0.6572936082706615,150.0013411234984,0.10865968392656826,0.10044287577190059,
Yemen,Dhamar City,0.004300486492511372,0.5089007923566018,149.9992659713999,0.028744228212843476,0.35223718946641874,
Lebanon,Akkar,0.0035981239040969886,0.99,150.00063627267767,0.14374868433188503,7.665953594454544e-05,✓
Yemen,Al Ghayl,0.0034679505312406305,0.9211640325610924,149.99644865465166,0.042632539408536105,0.19741047588125255,
Syria,Muhardeh,0.0034444144324429493,0.99,150.00187486377874,0.1973052812629805,0.00020986529266109333,✓
Palestine,Saravan,0.003376249409158972,0.9831756251016229,149.99870421609222,0.07135643808799672,0.03834829830080033,✓
Yemen,Baqim,0.0029327411111516695,0.6931337370249562,149.99999567520632,-0.0012309661462765267,0.5,
Yemen,Dimnat Khadir,0.002780940240525387,0.8069102523597252,149.99807856079008,0.020226039209534988,0.26064338370202755,
Yemen,Jabal Murad,0.002715045977124578,0.8115159439975671,149.9966994116103,0.021590710512339496,0.2545589818825359,
Yemen,Al Garrahi,0.002714260645463125,0.938771698918656,149.99712156246832,0.11874912825725199,0.04047862564430371,✓
Yemen,Al Mansura,0.0026232403980546064,0.42300049380040383,149.9988048522396,0.0009654121593060916,0.4662781826475824,
Yemen,Jabal Iyal Yazid,0.0026038847669155496,0.4232140506527537,149.99898851765528,0.0009604918391640445,0.46642402965976304,
Yemen,Haydan,0.002596228548024273,0.4232634019487015,149.99911138932637,0.0009595775151356005,0.4664493466809175,
Palestine,Kerman,0.001268259665399707,0.9114593023570471,149.99836187108613,0.012633102762080371,0.30638362491771454,
Yemen,Dhubab,0.0,0.6294780971816754,149.99977576041545,0.0,0.5,
Yemen,Hayfan,0.0,0.6973394508985895,149.99999897083143,0.0,0.5,
Yemen,Jabal Habashy,0.0,0.6320716482494627,149.99977096885283,0.0,0.5,
Yemen,Maqbanah,0.0,0.698169690830097,149.99999836168476,0.0,0.5,
Yemen,Al Mahfad,0.0,0.6116153888120789,149.99975918579307,0.0,0.499999195727569,
Yemen,Al Wade'a,0.0,0.4659787601754814,149.9989744695342,0.0,0.5,
Yemen,Ash Shamayatayn,0.0,0.46558719317657976,149.9990263097706,0.0,0.5,
Yemen,At Ta'iziyah,0.0,0.6936783345528613,149.99999899921588,0.0,0.5,
Palestine,Chahbahar,0.0,0.06403557727253983,149.99997740423865,0.0,0.5,
Palestine,Iranshahr,0.0,0.5540378560912453,149.9995771894532,0.0,0.4999980889466459,
Yemen,Al Mukha,0.0,0.6945960603939337,149.99999848693733,0.0,0.5,
Yemen,Al Qahirah,0.0,0.7028197370265672,149.99999859269914,0.0,0.5,
Yemen,Al Misrakh,0.0,0.6712128588598605,149.99989834971328,0.0,0.5,
Yemen,Al Mudhaffar,0.0,0.6909398764540094,149.99999904539223,0.0,0.5,
Yemen,As Sawadiyah,0.0,0.5961014008981511,149.99958889377555,0.0,0.5,
Yemen,Al Quraishyah,0.0,0.5898195449386014,149.999585378939,0.0,0.5,
Yemen,Mukayras,0.0,0.6906242515682918,149.9999961940662,0.0,0.5,
Yemen,As Sawma'ah,0.0,0.6877034107629966,149.99999527023417,0.0,0.5,
Syria,Duma,0.0,0.6914564442389243,150.0000015291315,0.0,0.5,
Syria,Yabrud,0.0,0.5946659540548367,150.00060931793476,0.0,0.5,
Syria,Baniyas,0.0,0.690832151787736,150.0000026545938,0.0,0.5,
Yemen,Az Zahir,0.0,0.7065401996978331,149.99999988874958,0.0,0.5,
Syria,Duraykish,0.0,0.5554763243585533,150.00087989943265,0.0,0.5,
Syria,Safita,0.0,0.548228412414852,150.00092396252876,0.0,0.5,
Syria,Tartus,0.0,0.6860110216257935,150.00000370314524,0.0,0.5,
Yemen,Al Buraiqeh,0.0,0.4659025383497418,149.9989754327405,0.0,0.5,
Yemen,Craiter,0.0,0.46580324224521086,149.99897470529396,0.0,0.5,
Yemen,Ahwar,0.0,0.4676211267069254,149.9989641514558,0.0,0.5,
Syria,Jableh,0.0,0.6910243870376949,150.00000248645145,0.0,0.5,
Syria,At-Tall,0.0,0.6926826708215228,150.00000247108144,0.0,0.5,
Syria,Qardaha,0.0,0.6864343530284669,150.00000448970545,0.0,0.5,
Syria,Al-Qutayfah,0.0,0.69453351402076,150.00000114940684,0.0,0.5,
Yemen,Na'man,0.0,0.6912920114587845,149.99999875380573,0.0,0.5,
Syria,An-Nabk,0.0,0.6929292495205035,150.0000020281688,0.0,0.5,
Yemen,Al Azariq,0.0,0.5926146682479911,149.99959853377743,0.0,0.5,
Yemen,Damt,0.0,0.4650508108317705,149.9990121353981,0.0,0.5,
Yemen,Ad Dahi,0.0,0.4670134529504082,149.9991670461136,0.0,0.5,
Yemen,Nati',0.0,0.6198768771002459,149.9997340034112,0.0,0.5,
Yemen,Jayshan,0.0,0.553087341738595,149.9993954051625,0.0,0.5,
Yemen,Khanfir,0.0,0.5486195884389616,149.99936707664892,0.0,0.49999777290121294,
Yemen,Lawdar,0.0,0.6916967129765161,149.99999907461319,0.0,0.5,
Yemen,Mudiyah,0.0,0.6940213242320968,149.99999880952657,0.0,0.5,
Yemen,Al A'rsh,0.0,0.6529318660164435,149.99986947548888,0.0,0.5,
Yemen,Al Bayda,0.0,0.5480905740316325,149.99934739542408,0.0,0.49999823251266284,
Yemen,Al Wazi'iyah,0.0,0.5446053687933141,149.99939503872457,0.0,0.5,
Palestine,Bandar-e-Lengeh,0.0,0.4648893303187677,149.99938263530012,0.0,0.5,
Yemen,As Salif,0.0,0.6910990685433377,149.99999912526428,0.0,0.5,
Yemen,Alluheyah,0.0,0.6947385023947433,149.99999881261567,0.0,0.5,
Yemen,Al Munirah,0.0,0.6595559323670038,149.99989735975322,0.0,0.5,
Yemen,Al Mina,0.0,0.6710105763195097,149.99999815501147,0.0,0.5,
Yemen,Al Marawi'ah,0.0,0.5970284289016311,149.99965782424147,0.0,0.5,
Yemen,Al Mansuriyah,0.0,0.39378371686087216,149.99767856153525,0.0,0.5,
Yemen,Al Hali,0.0,0.6942259612297261,149.99999896082252,0.0,0.5,
Yemen,Ad Durayhimi,0.0,0.6951140227248173,149.99999931243295,0.0,0.5,
Yemen,Al Humaydat,0.0,0.4652796065318379,149.99915483499876,0.0,0.5,
Yemen,Al Khalq,0.0,0.6218916619225342,149.99974719084682,0.0,0.5,
Yemen,Al Maslub,0.0,0.5506087672688715,149.99947537200813,0.0,0.5,
Yemen,Bart Al Anan,0.0,0.7134223292717724,149.99998280835246,0.0,0.5,
Yemen,Bura,0.0,0.4529214452310466,149.99910101829516,0.0,0.5,
Yemen,At Tuhayat,0.0,0.6897652051496244,149.99999891032593,0.0,0.5,
Yemen,Az Zuhrah,0.0,0.5540531020148345,149.99952195754983,0.0,0.499997864006004,
Yemen,Az Zaydiyah,0.0,0.46773647010153213,149.99918624274997,0.0,0.5,
Yemen,Bani Sa'd,0.0,0.46583126047674134,149.99911642809835,0.0,0.5,
Yemen,Milhan,0.0,0.46565198910494837,149.99912711463168,0.0,0.5,
Yemen,Al Wahdah,0.0,0.6827275214385983,149.99997758999834,0.0,0.5,
Yemen,As Sabain,0.0,0.6925753834413366,149.9999991099049,0.0,0.5,
Yemen,Assafi'yah,0.0,0.6187761840225402,149.99973693153132,0.0,0.5,
Yemen,At Tahrir,0.0,0.5460881871971122,149.99943315941482,0.0,0.5,
Yemen,Ath'thaorah,0.0,0.6909199089160645,149.99999825650661,0.0,0.5,
Yemen,Az'zal,0.0,0.6908802627661579,149.9999968713352,0.0,0.5,
Yemen,Bani Al Harith,0.0,0.6917138448163848,149.99999820862266,0.0,0.4999999327433606,
Yemen,Ma'ain,0.0,0.4679128396773646,149.9990957905231,0.0,0.5,
Yemen,Old City,0.0,0.6902007196244407,149.99999661827718,0.0,0.5,
Yemen,Shu'aub,0.0,0.6501613156362845,149.99985690097924,0.0,0.5,
Yemen,Khabb wa ash Sha'af,0.0,0.6912521465628088,149.99999864659426,0.0,0.5,
Yemen,Kamaran,0.0,0.6908440585684049,149.9999982970486,0.0,0.5,
Yemen,Zabid,0.0,0.621741813721646,149.9997581298115,0.0,0.4999991566060323,
Yemen,Al Hazm,0.0,0.6904777568070283,149.99999822805734,0.0,0.5,
Yemen,Dhi Bin,0.0,0.464916826699758,149.99913403266376,0.0,0.5,
Yemen,Amran,0.0,0.5483696159775238,149.99944401920288,0.0,0.499997935757978,
Yemen,Al Qaflah,0.0,0.4654856305367488,149.99918866992994,0.0,0.5,
Yemen,Harf Sufyan,0.0,0.6920269316455648,149.99999849651348,0.0,0.5,
Yemen,Khamir,0.0,0.627489878495303,149.99979131332728,0.0,0.4999991735365782,
Yemen,Suwayr,0.0,0.5569219342931055,149.9995317752488,0.0,0.5,
Yemen,Al Hada,0.0,0.4654712368928107,149.99904618062877,0.0,0.5,
Yemen,Habur Zulaymah,0.0,0.4652802756183433,149.99915973498094,0.0,0.5,
Yemen,Mayfa'at Anss,0.0,0.46498988030473487,149.9990178010369,0.0,0.5,
Yemen,Al Mukalla City,0.0,0.5496020228758423,149.99935936064057,0.0,0.4999978856904332,
Yemen,Wadi Al Ayn,0.0,0.4658878096516083,149.9989575911565,0.0,0.5,
Yemen,Abs,0.0,0.6946967566993968,149.99999892376883,0.0,0.5,
Yemen,Bakil Al Mir,0.0,0.46765371808376555,149.99924406243102,0.0,0.5,
Yemen,Bani Qa'is,0.0,0.46630182506953954,149.9991545695307,0.0,0.5,
Yemen,Hajjah City,0.0,0.46557517441227303,149.99913059149398,0.0,0.5,
Yemen,Anss,0.0,0.5394315595102479,149.99937268278026,0.0,0.5,
Yemen,Mabyan,0.0,0.01,149.99878871641008,0.0,0.5,
Yemen,Midi,0.0,0.6947601139139304,149.99999911171818,0.0,0.5,
Syria,As-Suwayda,0.0,0.6906905741492744,150.0000019716955,0.0,0.5,
Syria,Tal Abyad,0.0,0.6876126530670759,150.00000070077587,0.0,0.5,
Syria,Damascus,0.0,0.694159957264768,150.00000250680034,0.0,0.5,
Syria,As-Sanamayn,0.0,0.6924459350129741,150.00000087396074,0.0,0.5,
Syria,Daraa,0.0,0.6962454736655919,150.00000101590425,0.0,0.5,
Syria,Shahba,0.0,0.6993426005699475,150.0000029300727,0.0,0.5,
Syria,Izra',0.0,0.700649569184949,150.00000144684768,0.0,0.5,
Syria,Hama,0.0,0.7173822690419555,150.0000005909079,0.0,0.5,
Syria,Masyaf,0.0,0.6936477872254787,150.00000192168912,0.0,0.5,
Syria,Salamiyah,0.0,0.6913081635490357,150.00000089701447,0.0,0.5,
Yemen,Al Ashah,0.0,0.46491825262764086,149.9991792173448,0.0,0.5,
Yemen,Kharab Al Marashi,0.0,0.46618675416605965,149.9991854082189,0.0,0.5,
Yemen,Al Mahwait City,0.0,0.4654963508907266,149.99911794271767,0.0,0.5,
Yemen,At Tawilah,0.0,0.46570856008896216,149.99910545895642,0.0,0.5,
Yemen,As Sabrah,0.0,0.5557559075972203,149.9994405919967,0.0,0.4999982672439239,
Yemen,Al Dhihar,0.0,0.46727447397199395,149.99905595427262,0.0,0.5,
Yemen,Washhah,0.0,0.5468482713221912,149.9995009640435,0.0,0.5,
Syria,Al-Mukharram,0.0,0.6901398834209441,150.00000258903577,0.0,0.5,
Yemen,Al Had,0.0,0.6875177223340692,149.99998303710447,0.0,0.5,
Yemen,Al Madaribah Wa Al Arah,0.0,0.46764920255835446,149.99904530331378,0.0,0.5,
Yemen,Ibb,0.0,0.5508675695754707,149.99941878913077,0.0,0.5,
Yemen,Ba'dan,0.0,0.588706231517854,149.99957093079684,0.0,0.5,
Yemen,Tuban,0.0,0.6889035399123835,149.99998591965564,0.0,0.5,
Yemen,Al Abdiyah,0.0,0.6580350594341533,149.99986911826178,0.0,0.5,
Yemen,Al Jubah,0.0,0.616716114086221,149.99971964502512,0.0,0.4999998318584014,
Yemen,Harib Al Qaramish,0.0,0.5465550222983477,149.99941162297378,0.0,0.5,
Yemen,Mahliyah,0.0,0.5971605235607079,149.99961782691312,0.0,0.5,
Yemen,Majzar,0.0,0.6910549274280097,149.9999980916129,0.0,0.5,
Yemen,Al Qabbaytah,0.0,0.7283652670351065,149.9999982538484,0.0,0.5,
Yemen,Dhi As Sufal,0.0,0.5545958906933443,149.99943329621874,0.0,0.5,
Yemen,Marib City,0.0,0.6827824397898941,149.9999980583258,0.0,0.5,
Yemen,Marib,0.0,0.6932065097840859,149.99999805541785,0.0,0.5,
Yemen,Medghal,0.0,0.7171985047058673,149.99999767110504,0.0,0.5,
Yemen,Raghwan,0.0,0.6930527459644927,149.999997486713,0.0,0.5,
Yemen,Al Jabin,0.0,0.5562513049241762,149.99948297422833,0.0,0.5,
Yemen,Sirwah,0.0,0.6908675267815428,149.9999986718662,0.0,0.5,
Yemen,As Safra,0.0,0.6916389617650349,149.99999861972358,0.0,0.5,
Yemen,Al Dhaher,0.0,0.6887351108927091,149.99999891651763,0.0,0.5,
Syria,Al-Hasakah,0.0,0.6886707811551813,150.00000059458708,0.0,0.5,
Syria,Ra's al-'Ayn,0.0,0.6814537655018543,150.00000145437642,0.0,0.5,
Syria,As-Safirah,0.0,0.6911684929228846,150.0000017473923,0.0,0.5,
Syria,Manbij,0.0,0.6934504627416156,150.0000004619549,0.0,0.5,
Syria,Ath-Thawrah,0.0,0.6910886091050912,150.00000134731056,0.0,0.5,
Yemen,Kitaf wa Al Boqe'e,0.0,0.690352893985878,149.99999833293825,0.0,0.5,
Yemen,Majz,0.0,0.6906595127922719,149.99999799806605,0.0,0.5,
Yemen,Jiblah,0.0,0.46558158268861133,149.9990258407422,0.0,0.5,
Yemen,Monabbih,0.0,0.6934406098118543,149.99999939071793,0.0,0.5,
Yemen,Qatabir,0.0,0.6918343862259835,149.99999863181762,0.0,0.5,
Yemen,Sahar,0.0,0.6905284433439124,149.99999822852237,0.0,0.5,
Yemen,Sa'adah,0.0,0.6907698125408537,149.99999863695572,0.0,0.5,
Yemen,Al Haymah Ad Dakhiliyah,0.0,0.46557826601432284,149.99909116999336,0.0,0.5,
Yemen,Al Haymah Al Kharijiyah,0.0,0.4656597608224356,149.99908164387313,0.0,0.5,
Yemen,Al Husn,0.0,0.5927711917754677,149.99958549090715,0.0,0.5,
Yemen,Saqayn,0.0,0.6883794036445819,149.9999972336397,0.0,0.5,
Yemen,Arhab,0.0,0.5923930797983188,149.9996120578653,0.0,0.5,
Yemen,Bani Hushaysh,0.0,0.6878443421097966,149.99999743041639,0.0,0.5,
Yemen,Bilad Ar Rus,0.0,0.5960587240727556,149.9996184933395,0.0,0.5,
Yemen,Bani Matar,0.0,0.691446978341026,149.9999983056016,0.0,0.5,
Palestine,Khan Yunis,0.0,0.6837338347262685,150.00000111299286,0.0,0.5,
Palestine,Bethlehem,0.0,0.6898625475812448,150.00000258502692,0.0,0.5,
Palestine,Jenin,0.0,0.6860230762635284,150.00000218664883,0.0,0.5,
Palestine,Qalqilya,0.0,0.6909451934635766,150.00000110647878,0.0,0.5,
Yemen,Hamdan,0.0,0.6927932907556468,149.99999774393697,0.0,0.5,
Yemen,Khwlan,0.0,0.4654052713735048,149.99905273453345,0.0,0.5,
Yemen,Manakhah,0.0,0.5472480300175532,149.99942914950253,0.0,0.49999784713083545,
Yemen,Nihm,0.0,0.678640490104122,149.9999986202662,0.0,0.5,
Yemen,Sanhan,0.0,0.6879163229601476,149.9999975935416,0.0,0.5,
Yemen,Ain,0.0,0.6889049625167546,149.99998493371504,0.0,0.5,
Yemen,Ataq,0.0,0.6902592638447257,149.999997446677,0.0,0.5,
Yemen,Hatib,0.0,0.4692598484938855,149.99896192276424,0.0,0.5,
Yemen,Merkhah Al Ulya,0.0,0.6908668776756719,149.99999829311633,0.0,0.5,
Yemen,Merkhah As Sufla,0.0,0.6193818291100857,149.99973652536116,0.0,0.5,
Yemen,Nisab,0.0,0.01,149.99896330425616,0.0,0.5,
Yemen,Rudum,0.0,0.4654598052908639,149.9989348926464,0.0,0.5,
Palestine,Tiran and Karvan,0.0,0.46757008987135945,149.99977830419706,0.0,0.5,
Yemen,Sabir Al Mawadim,0.0,0.6908741463600451,149.99999924862246,0.0,0.5,
Yemen,Salh,0.0,0.689328851874639,149.99999887397914,0.0,0.5,
Yemen,Sama,0.0,0.4651857138670839,149.99903436205202,0.0,0.5,
