区ID,区名称,州名称,Alpha,Beta,"Corr(Y, λ)",P值,显著,事件总数
243,Letychivs'kyi,Khmel'nyts'kyy,0.499164343075841,1e-06,0.499167109699495,0.0007702242876531651,True,2
4,Chyhyryns'kyi,Cherkasy,0.49916433530275806,1e-06,0.49916710969949457,0.0007702274779457507,True,2
343,Bilovods'kyi,Luhans'k,0.49916429637377097,1e-06,0.4991671096994946,0.0007702258827982922,True,2
616,Narodyts'kyi,Zhytomyr,0.49771236122152324,1e-06,0.3318521509125619,1.6016033776711236e-05,True,4
407,Kotovs'ka,Odessa,0.3316609756814156,1e-06,0.331666554163778,0.002119108309440676,True,3
92,Marhanets'ka,Dnipropetrovs'k,0.29305958634342133,0.6637729695823246,0.45684561116058786,1e-10,True,701
269,Makarivs'kyi,Kiev,0.2701409441664677,0.6614048248566848,0.5627821919183039,1e-10,True,31
172,Nadvirnians'kyi,Ivano-Frankivs'k,0.26928078020395313,0.46343184125137715,0.1843039665192326,0.0035327156502154566,True,2
364,Stakhanivs'ka,Luhans'k,0.25212836305944747,0.6127194544440351,0.37199656085812116,1e-10,True,92
414,Reniis'kyi,Odessa,0.24488065484005359,1e-06,0.24497901278849357,0.00042351767206499913,True,8
285,Dniprovs'kyi,Kiev City,0.23967942384660373,1e-06,0.23989053586014125,1.9841687869393e-05,True,16
34,Kulykivs'kyi,Chernihiv,0.23879673715389832,0.39046225533097084,0.22806703555859761,0.0004153747549628384,True,6
180,Barvinkivs'kyi,Kharkiv,0.23539126632003338,0.7560094105435584,0.8352531927871344,1e-10,True,414
465,Sarnens'kyi,Rivne,0.2349808731929766,0.5045989598536936,0.2540805403244213,8.171631523157252e-05,True,6
406,Kominternivs'kyi,Odessa,0.2217265383845002,1e-06,0.22484172325876087,1.7642679767115865e-07,True,37
345,Kirovs'ka,Luhans'k,0.2189471289082743,0.6890643552318912,0.39529309939434937,1e-10,True,14
320,Iavorivs'kyi,L'viv,0.21640733055049483,1e-06,0.14944085194424933,0.0007207974574894305,True,9
179,Balakliis'kyi,Kharkiv,0.2153235812888431,0.7649295613467196,0.8253065823180273,1e-10,True,447
27,Chernihivs'ka,Chernihiv,0.19930065295942284,0.6842063218903016,0.6518490947432263,1e-10,True,83
388,Veselynivs'kyi,Mykolayiv,0.19666233679524822,1e-06,0.1966610589870946,0.007170967512337922,True,5
620,Ovruts'kyi,Zhytomyr,0.1966606658409875,1e-06,0.1403048844354749,0.007170979134715094,True,5
598,Veselivs'kyi,Zaporizhia,0.1966590930512253,1e-06,0.19666105898709382,0.007170998518020388,True,5
473,Bilopils'kyi,Sumy,0.18917732979882942,0.7987100481847007,0.7877568334695566,1e-10,True,2337
350,Luhans'ka,Luhans'k,0.18818099127209229,0.01718391156342058,0.17400807283028036,5.330016539795146e-07,True,68
628,NA,Zhytomyr,0.18784240179590517,0.775129333599917,0.32657019905468604,1e-10,True,13
268,Kyievo-Sviatoshyns'kyi,Kiev,0.18505852900276332,0.7541023045238638,0.5062257619451948,1e-10,True,35
261,Brovars'kyi,Kiev,0.17965574780750004,0.7927172850078803,0.4292254994230351,1e-10,True,23
28,Chernihivs'kyi,Chernihiv,0.1751320579530941,0.3666344502917209,0.1689441817840547,2.1795890513542915e-06,True,36
185,Chuhu‹vs'kyi,Kharkiv,0.17500686933679913,0.8074090242568603,0.791488058677763,1e-10,True,314
158,Velykonovosilkivs'kyi,Donets'k,0.17494727767860715,0.6893252321776485,0.6874243177486689,1e-10,True,4069
221,Novokahovs'ka,Kherson,0.17025807092427384,0.5586621208957437,0.25780452512052593,1e-10,True,38
389,Voznesens'ka,Mykolayiv,0.16829813850094166,0.5129031375993152,0.22960312191400675,8.030431508654345e-08,True,35
144,n.a. ( 511),Donets'k,0.16716741719600703,0.5024063851915885,0.22577380055903654,4.845450922669192e-05,True,12
205,Valkivs'kyi,Kharkiv,0.16248972500690106,1e-06,0.1624895258109336,0.011005545042969245,True,6
519,Kalynivs'kyi,Vinnytsya,0.1612870465719826,0.5056896103616542,0.1309807983892041,0.009862341947856124,True,3
122,Horlivs'ka,Donets'k,0.1611591801887203,0.8159761386797713,0.7028272865177473,1e-10,True,2229
359,Popasnians'kyi,Luhans'k,0.16045071545218675,0.8179970769294885,0.7459295302552428,1e-10,True,751
453,Dubens'kyi,Rivne,0.15803089005799803,0.7108157798214715,0.10878551539542564,0.00023433045979986966,True,6
356,Novoaidars'kyi,Luhans'k,0.1578424825356216,0.5043836902136613,0.1943723825208412,9.978720588721401e-06,True,21
193,Krasnohrads'kyi,Kharkiv,0.15580559700608118,0.5003993703041,0.20361042686495848,3.544750185663359e-05,True,15
404,Kiliis'kyi,Odessa,0.1547003806723924,0.8000649913843919,0.40469515753312574,1e-10,True,55
398,Bilhorod-Dnistrovs'kyi,Odessa,0.15150776600804355,0.2965897102853537,0.1710904484825106,7.021590304745473e-06,True,26
495,Velykopysarivs'kyi,Sumy,0.14991048409613825,0.8461184166997718,0.8409203095624455,1e-10,True,2212
392,Zhovtnevyi,Mykolayiv,0.14789053153430376,0.8466855711367622,0.7783405710967896,1e-10,True,733
117,Artemivs'kyi,Donets'k,0.14725810787942012,0.8446486459618395,0.8359833156609394,1e-10,True,5911
223,Novovorontsovs'kyi,Kherson,0.1469394394238562,0.7015081323699718,0.46770192128023913,1e-10,True,1715
493,Sums'kyi,Sumy,0.14690449169276973,0.8472724515865688,0.720213536420032,1e-10,True,2744
161,Vuhledars'ka,Donets'k,0.1464738674297573,0.23023235859275107,0.13743798792379383,0.0019138534507548988,True,14
35,Mens'kyi,Chernihiv,0.1445743520597826,1e-06,0.14460242453284786,0.0036713317981204585,True,13
484,Okhtyrs'ka,Sumy,0.14389735209871007,0.772499836853086,0.37526469823523184,1e-10,True,37
201,Pecheniz'kyi,Kharkiv,0.1405497054976962,0.8283618709559888,0.40683634326403867,1e-10,True,57
387,Snihurivs'kyi,Mykolayiv,0.1391924605271572,0.8456982999494514,0.7290418401407016,1e-10,True,358
355,n.a. ( 182),Luhans'k,0.13890917729539828,0.8548492618208728,0.5980037423674371,1e-10,True,112
120,Donets'ka,Donets'k,0.13879805103503995,0.8567383315776969,0.822861984237322,1e-10,True,3079
374,Bereznehuvats'kyi,Mykolayiv,0.1381394215845031,0.8554602951293471,0.7911952730387255,1e-10,True,563
207,Vovchans'kyi,Kharkiv,0.13748760247156921,0.8571014864249431,0.705929885202408,1e-10,True,2424
153,Slovians'kyi,Donets'k,0.13600061976052677,0.8530676779664219,0.8432702809403004,1e-10,True,748
487,Romens'ka,Sumy,0.1356400038871744,0.502070624874503,0.16073740990711707,0.0009852302298904436,True,10
479,Krasnopil's'kyi,Sumy,0.13545912898837298,0.8648178554927967,0.8665681959600395,1e-10,True,3982
486,Putyvl's'kyi,Sumy,0.13513319388484799,0.8525020515723438,0.648634802023962,1e-10,True,1440
362,Sieverodonets'ka,Luhans'k,0.13415708201836873,0.8594873610199265,0.633066199155121,1e-10,True,83
349,Kremins'kyi,Luhans'k,0.13078530403335606,0.8632880183429532,0.7270949843870036,1e-10,True,1234
217,Ivanivs'kyi,Kherson,0.130064641322493,0.6143280588118456,0.17546122873812617,4.1133586533959043e-05,True,17
352,Lysychans'ka,Luhans'k,0.12779284974753324,0.8255892739321397,0.5999001554800675,1e-10,True,177
289,Podil's'kyi,Kiev City,0.12729715469367203,0.7643554026049517,0.24425171134154489,1.29252098191035e-07,True,15
489,Seredyno-Buds'kyi,Sumy,0.12698903423621685,0.872756268719588,0.6854151693974398,1e-10,True,2859
192,Kharkivs'kyi,Kharkiv,0.12548516991475667,0.8614596536782381,0.6420823083957988,1e-10,True,1573
187,Dvorichans'kyi,Kharkiv,0.12542421190191233,0.8729095807730107,0.8764069634093764,1e-10,True,2299
265,Irpins'ka,Kiev,0.1250152469831464,0.8536703116066819,0.507547979089999,1e-10,True,54
124,Iasynuvats'kyi,Donets'k,0.12335832182832228,0.8731844731987016,0.7472114198289351,1e-10,True,4523
134,Krasnolymans'kyi,Donets'k,0.12121139604325665,0.8530016458304726,0.453054516366126,1e-10,True,1829
334,Stryis'kyi,L'viv,0.1191461360932178,1e-06,0.11914223852472516,0.021551599371600783,True,8
383,Novoodes'kyi,Mykolayiv,0.1191332839062764,1e-06,0.1191422385247259,0.021551599404284028,True,8
194,Krasnokuts'kyi,Kharkiv,0.11912422507910925,1e-06,0.09518634694819736,0.02155153880086963,True,8
219,Kalanchats'kyi,Kherson,0.11911917781775153,1e-06,0.1191422385247259,0.02155159994283562,True,8
133,Krasnolymans'ka,Donets'k,0.11904919354097997,0.7615668624012789,0.24683164907671445,5.996025120857951e-09,True,22
186,Derhachivs'kyi,Kharkiv,0.11840579107002475,0.8614032977597186,0.6438027372502099,1e-10,True,1539
228,Velykooleksandrivs'kyi,Kherson,0.11782355771541247,0.8640553779777885,0.688372056101094,1e-10,True,434
581,Huliaipil's'kyi,Zaporizhia,0.11701101672898599,0.7804744538128955,0.686579685930345,1e-10,True,4832
475,Hlukhivs'kyi,Sumy,0.11684404478614445,0.8820376536004454,0.7514118988630454,1e-10,True,4032
210,Zolochivs'kyi,Kharkiv,0.11668655020074628,0.869166365795746,0.5666628765735032,1e-10,True,1745
85,Dnipropetrovs'ka,Dnipropetrovs'k,0.11601197014343384,0.13443637405217332,0.11210609391466252,0.00014291055712484235,True,222
365,Stanychno-Luhans'kyi,Luhans'k,0.11562911411183524,0.7864239777807999,0.20336694201066874,1.5556954252593513e-07,True,17
258,Borodians'kyi,Kiev,0.11516260818334197,0.8506653771387749,0.3193137549990303,1e-10,True,14
189,Iziums'kyi,Kharkiv,0.11458932465032334,0.8699380359296524,0.6657935295339206,1e-10,True,257
137,Mariupol's'ka,Donets'k,0.11365188240146978,0.8393434575376886,0.48156361379908597,1e-10,True,123
584,Kuibyshevs'kyi,Zaporizhia,0.11295003406004524,0.7800115128999799,0.250965291606327,1e-10,True,50
476,Iampil's'kyi,Sumy,0.11128745862324953,0.8892327431007168,0.6340747237589629,1e-10,True,802
385,Pervomais'ka,Mykolayiv,0.10943694541015327,0.8011999046476685,0.20087082487636593,2.649073511118427e-05,True,7
130,Kramators'ka,Donets'k,0.10934294336177917,0.827539248924634,0.30311993573513846,1e-10,True,463
196,Kupians'kyi,Kharkiv,0.10457035611884395,0.895065867770689,0.6794260629864745,1e-10,True,2244
591,Pryazovs'kyi,Zaporizhia,0.10429373991312005,1e-06,0.10441092516753349,0.028342059942804088,True,9
78,Saks'kyi,Crimea,0.10396790539156696,0.1208861510947794,0.08724648236683272,0.006604999697353953,True,25
141,n.a. ( 394),Donets'k,0.10344372669550518,0.8656810398187551,0.5215370861242896,1e-10,True,481
626,Zhytomyrs'ka,Zhytomyr,0.10138627947849199,0.5982677840583042,0.16761096891693814,4.268847622390659e-06,True,56
361,Rubezhans'ka,Luhans'k,0.10098370680602177,0.8817860785908876,0.4377274156531721,1e-10,True,79
99,Pavlograd,Dnipropetrovs'k,0.10022678215800127,0.499965780950541,0.13263133821920078,0.00019899084742269757,True,54
403,Izma‹l's'ka,Odessa,0.10008887429724132,0.500021279573061,0.1365207052042622,0.0008244587565603978,True,23
63,Chornomors'kyi,Crimea,0.1000335514258218,0.5000035624087913,0.10618344545362693,0.001994956830983108,True,21
509,Ternopil's'ka,Ternopil',0.10001683497092621,0.5000058283493594,0.12195771076061657,0.0014041458119863348,True,20
372,Bashtans'kyi,Mykolayiv,0.09919622574356078,0.8530578615225795,0.5190374980884029,1e-10,True,133
24,Bakhmats'kyi,Chernihiv,0.09765374804121509,0.48793319957208464,0.09354583401758655,0.007893680143948756,True,13
206,Velykoburluts'kyi,Kharkiv,0.09676200168932218,0.8956331404214019,0.5133783118369345,1e-10,True,523
129,Kostiantynivs'kyi,Donets'k,0.09563017621041242,0.8994386852292658,0.6124683042581874,1e-10,True,1790
195,Kupians'ka,Kharkiv,0.09430781825117235,0.9026447549466105,0.4897499128107413,1e-10,True,761
381,Mykola‹vs'kyi,Mykolayiv,0.09422919979446488,0.5739029651454794,0.10628872594562545,0.0003570276424163521,True,37
123,Iasynuvats'ka,Donets'k,0.0941779828531687,0.9020572298895697,0.7288110226155013,1e-10,True,977
159,Volnovas'kyi,Donets'k,0.09381864950356267,0.9008339159361408,0.621905914373473,1e-10,True,1468
22,Zolotonis'kyi,Cherkasy,0.0926018588984998,1e-06,0.09245597712455338,0.03618170017406569,True,10
191,Kharkivs'ka,Kharkiv,0.09235792527509272,0.8899991430300832,0.5498032434046121,1e-10,True,640
492,Sums'ka,Sumy,0.09129254394375806,0.8902546827501485,0.4225823793057117,1e-10,True,195
150,Shakhtars'ka,Donets'k,0.09125145324228533,0.7769867389614358,0.1310659324616597,0.00018519178097664568,True,14
230,Vysokopil's'kyi,Kherson,0.09099982780835951,0.8917790954783443,0.6174760787308424,1e-10,True,567
95,Nikopol's'kyi,Dnipropetrovs'k,0.09084363385306764,0.9058181937887365,0.5906268291645616,1e-10,True,1524
494,Trostianets'kyi,Sumy,0.0904470491119272,0.8821627606456897,0.2541859460915661,1e-10,True,42
360,Roven'kivs'ka,Luhans'k,0.08980484186492714,0.6669471068483597,0.09570073868652194,0.0039708832490548684,True,12
121,Dzerzhyns'ka,Donets'k,0.08955469933164797,0.8900647086279257,0.5149391750515051,1e-10,True,1781
380,Mykola‹vs'ka,Mykolayiv,0.08740263491681113,0.8991422525897136,0.5685042246149941,1e-10,True,391
367,Svativs'kyi,Luhans'k,0.08718296590675392,0.8977656336228045,0.7391232299104147,1e-10,True,1105
182,Bohodukhivs'kyi,Kharkiv,0.08717105598579852,0.8842721419344413,0.33741215322956514,1e-10,True,129
83,Apostolivs'kyi,Dnipropetrovs'k,0.0868969868832586,0.9081219631015113,0.6111751524433516,1e-10,True,431
148,Pershotravnevyi,Donets'k,0.08598802263874883,0.506348415230014,0.08271253352650525,0.00755970264755923,True,20
211,Beryslavs'kyi,Kherson,0.08596092562766869,0.9146725062215434,0.6489197052662226,1e-10,True,4998
44,Shchors'kyi,Chernihiv,0.08358259033630228,0.9127255042104484,0.5796131597370738,1e-10,True,1082
589,Orikhivs'kyi,Zaporizhia,0.08352780335543916,0.9112864737180495,0.6362656107814392,1e-10,True,5488
604,Berdychivs'ka,Zhytomyr,0.08333104925156538,0.8261309448331351,0.1500598461588119,0.0025947919449526013,True,4
595,Tokmats'kyi,Zaporizhia,0.082909996190044,0.9039234223882593,0.5487311860484093,1e-10,True,365
348,Krasnoluts'ka,Luhans'k,0.0824947282189341,1e-06,0.0825198131263663,0.04509195135896199,True,11
225,Skadovs'kyi,Kherson,0.0822390395361174,0.8350243661500137,0.15685994445378065,4.381511925222181e-06,True,60
463,Rivnens'kyi,Rivne,0.08134797996904856,0.8753678660603634,0.13092956942854567,0.001141835782407119,True,3
128,Kostiantynivs'ka,Donets'k,0.08119010042592287,0.9033727798983403,0.4679821201965723,1e-10,True,512
116,Artemivs'ka,Donets'k,0.08115565493573088,0.9031685936215235,0.5250924773177591,1e-10,True,522
152,Slovians'ka,Donets'k,0.08008372943773802,0.8933357729923296,0.40117067175502547,1e-10,True,231
226,Tsiurupyns'kyi,Kherson,0.07992667949061551,0.9151664565592098,0.44108686084935084,1e-10,True,306
118,Dobropil's'ka,Donets'k,0.07936033213735505,0.9060116372834387,0.2801102622029174,1e-10,True,76
428,Karlivs'kyi,Poltava,0.079301963108366,0.7500204990022022,0.07920436104947659,0.02615419181919143,True,3
481,Lebedyns'kyi,Sumy,0.07916009035021884,0.863537090248693,0.19541546156499265,1.0056712407280344e-08,True,26
215,Holoprystans'kyi,Kherson,0.07870690951883691,0.8860400267550119,0.26539151724467586,1e-10,True,266
254,Baryshivs'kyi,Kiev,0.07817751250571672,0.8936276481901584,0.09526307194492145,0.0001685312826415486,True,4
220,Khersons'ka,Kherson,0.0780867647084722,0.9200018639965719,0.6327098354400384,1e-10,True,2828
596,Vasylivs'kyi,Zaporizhia,0.07807107260909286,0.9129726967267098,0.5366821813959828,1e-10,True,1923
29,Horodnians'kyi,Chernihiv,0.07800110756047425,0.8817309083566978,0.2512996470206109,1e-10,True,370
344,Briankivs'ka,Luhans'k,0.07761259556828783,0.666663446781402,0.04823997981986066,0.03612832177883851,True,4
280,Vasyl'kivs'kyi,Kiev,0.07737981337420798,0.869136807633904,0.24793947317954204,1.9041438981126646e-09,True,23
93,Mezhivs'kyi,Dnipropetrovs'k,0.07722892904903353,0.8925906914919659,0.597074637693022,1e-10,True,108
282,Vyshhorods'kyi,Kiev,0.0770314965869525,0.8723934598512786,0.3570916264953205,1e-10,True,33
583,Kamians'ko-Dniprovs'kyi,Zaporizhia,0.07660897489567181,0.918311788600671,0.4518125465488825,1e-10,True,268
151,Shakhtars'kyi,Donets'k,0.07648162313689184,0.4995964136983566,0.0892136380343428,0.0064622013725293415,True,34
577,Berdians'ka,Zaporizhia,0.07608756443571328,0.8096115679885251,0.17303548087130063,1.7235612909116682e-07,True,79
384,Ochakivs'kyi,Mykolayiv,0.07573599577457521,0.9124794856307054,0.5126372949676613,1e-10,True,1024
490,Shostkins'ka,Sumy,0.07473132315368536,1e-06,0.07253167407977669,0.014274609576161557,True,70
582,Iakymivs'kyi,Zaporizhia,0.07409413969421365,1e-06,0.07409738157922031,0.05508338711727151,False,12
79,Simferopol's'ka,Crimea,0.07407851972167277,1e-06,0.0740973815792196,0.055083926448072584,False,12
440,Myrhorods'kyi,Poltava,0.07367992025212829,0.49888045600457737,0.08479028353160684,0.006286097408528535,True,42
212,Bilozers'kyi,Kherson,0.07337826520200134,0.8591266095344112,0.6732411448704245,1e-10,True,5855
39,Novhorod-Sivers'kyi,Chernihiv,0.07295705706352781,0.9262706663019169,0.49283699062071945,1e-10,True,1351
104,Pokrovs'kyi,Dnipropetrovs'k,0.07245419506444191,0.9092260787719412,0.30540148425548197,1e-10,True,166
478,Konotops'kyi,Sumy,0.07192690529664275,0.9002386849444874,0.24632429632662536,1e-10,True,58
214,Heniches'kyi,Kherson,0.07169491535987933,0.49210968160404844,0.08662763191828646,0.004536918527263734,True,37
255,Bilotserkivs'ka,Kiev,0.07062393714204407,0.6464996565922352,0.11749969739807432,0.006057298969872282,True,13
97,Novomoskovs'kyi,Dnipropetrovs'k,0.07054731490870983,0.760484262136857,0.09991996114318497,0.0005469781511755478,True,27
370,Tro‹ts'kyi,Luhans'k,0.07049484422888565,0.49062133734069613,0.07166079853690412,0.013793833367310881,True,25
412,Odes'ka,Odessa,0.07042423172372896,0.8659844192095033,0.22292573751181646,1e-10,True,326
313,Znamians'kyi,Kirovohrad,0.06926575774399794,0.8571514806669528,0.08380287808356295,0.01856754812169681,True,2
600,Zaporiz'ka,Zaporizhia,0.06881729392631979,0.886996867857307,0.2825185738670485,1e-10,True,419
197,Lozivs'ka,Kharkiv,0.0681525882295753,0.9171468144835266,0.3994073605475023,1e-10,True,42
136,Mar‹ns'kyi,Donets'k,0.0660649008735705,0.9143520575039946,0.7739354732790389,1e-10,True,5087
611,Korostens'ka,Zhytomyr,0.06413975808189085,0.9045446206602358,0.2899795290943627,1.900873403126724e-09,True,15
587,Mykhailivs'kyi,Zaporizhia,0.06388737613048688,0.891344182581434,0.16596841341034804,1.641144997677202e-10,True,79
68,Ievpatoriis'ka,Crimea,0.0638349998911383,0.295920445820782,0.05250223685088395,0.05640649497835443,False,16
266,Ivankivs'kyi,Kiev,0.0628471355662878,0.9016906118547624,0.17349503916336048,6.38318748343858e-05,True,6
609,Chudnivs'kyi,Zhytomyr,0.06272816237426208,0.8832607257291057,0.12164083554602746,0.0002083467942221584,True,7
227,Velykolepetys'kyi,Kherson,0.06271870754184863,0.9336193915254998,0.26681558441975817,1e-10,True,67
110,Tomakivs'kyi,Dnipropetrovs'k,0.06249384661742404,0.9268391335485884,0.31893742986488555,1e-10,True,444
135,Maki‹vs'ka,Donets'k,0.06184065382430627,0.9329830642946676,0.5816607886581022,1e-10,True,482
76,Rozdol'nens'kyi,Crimea,0.06120946884174396,0.5000012949213795,0.05058476871160578,0.07552043611973686,False,7
378,Kazanetskyi,Mykolayiv,0.06096467815576286,0.9320148077985956,0.32067202382089655,1e-10,True,23
183,Borivs'kyi,Kharkiv,0.0607203755822107,0.9320572696250836,0.33322825727495275,1e-10,True,603
213,Chaplyns'kyi,Kherson,0.06044236256796676,0.8741711940358768,0.23053207477755716,1.4146594395914036e-08,True,34
119,Dobropil's'kyi,Donets'k,0.059848725727603136,0.9365839627036162,0.44520585724724615,1e-10,True,149
363,Slovianoserbs'kyi,Luhans'k,0.05780508033887823,0.9320461382648346,0.24225248035439723,1e-10,True,37
286,Holosiïvs'kyi,Kiev City,0.05770128139561626,0.4966497414993488,0.07776355735219352,0.022559521919625403,True,31
105,Shyrokivs'kyi,Dnipropetrovs'k,0.05621317537690845,0.9181680893739251,0.39593034866920557,1e-10,True,63
586,Melitopol's'kyi,Zaporizhia,0.05557563647224936,0.9268703240741278,0.29859109806424733,1e-10,True,141
132,Krasnoarmiis'kyi,Donets'k,0.05465658671096384,0.9453915940260854,0.6364961748210177,1e-10,True,1530
590,Polohivs'kyi,Zaporizhia,0.053895305018859335,0.9272878425407827,0.2916990320146671,1e-10,True,302
125,Ienakiievs'ka,Donets'k,0.05234460281382716,0.8864428807406884,0.2319607380635963,1e-10,True,49
188,Iziums'ka,Kharkiv,0.05184453402848607,0.9352745858175837,0.30988630808706197,1e-10,True,106
157,Torez'ka,Donets'k,0.05125406985602794,0.8333390682051136,0.06022725357844777,0.04391037750594834,True,3
483,Nedryhailivs'kyi,Sumy,0.0508221268081751,0.9113590706131157,0.12833859107544648,4.6014461856924704e-06,True,26
184,Chuhu‹vs'ka,Kharkiv,0.05078949610694288,0.9391641478149173,0.5093538979833281,1e-10,True,175
86,Dnipropetrovs'kyi,Dnipropetrovs'k,0.0505064053911529,0.669037331858445,0.04631914986740692,0.05910444242313567,False,10
420,Tatarbunars'kyi,Odessa,0.04938952583331139,0.9428919294886131,0.12999237436260586,2.3334127369212254e-07,True,11
358,Pereval's'kyi,Luhans'k,0.04884260998906535,0.9340219702595494,0.20198313001434967,1.3155249112273282e-10,True,30
292,Sviatoshyns'kyi,Kiev City,0.047319681788503445,0.8415308122941811,0.16518466033920715,0.00021769223308804042,True,24
147,Oleksandrivs'kyi,Donets'k,0.04715000618347919,0.9345404805498309,0.12997090626951083,1.546451791623049e-07,True,28
43,Semenivs'kyi,Chernihiv,0.046975813015659236,0.9542978463412871,0.689760692889639,1e-10,True,3072
25,Bobrovyts'kyi,Chernihiv,0.04651700760822999,0.8914218149264085,0.07554992741616531,0.0015231908083007117,True,10
601,Zaporiz'kyi,Zaporizhia,0.045769103798840124,0.9477666199778401,0.3535801417529368,1e-10,True,251
588,Novomykola‹vs'kyi,Zaporizhia,0.04541761720761711,0.4937283390872507,0.05251671025244802,0.053261694584164354,False,39
71,Krasnohvardiis'kyi,Crimea,0.045404940606938116,0.5314057418007202,0.02344613731667321,0.15341951736430665,False,7
202,Pervomais'kyi,Kharkiv,0.04502416879547809,0.48823419659658635,0.031171764920494487,0.10714839047212882,False,15
599,Vil'nians'kyi,Zaporizhia,0.04459750209875514,0.9140432276455394,0.20557889006798008,1e-10,True,80
491,Shostkins'kyi,Sumy,0.044562943634939824,0.49177295737897586,0.04279741592189088,0.07943260721460765,False,21
115,Amvrosi‹vs'kyi,Donets'k,0.04449276129220265,0.9458853226190502,0.22206504727704268,1e-10,True,34
485,Okhtyrs'kyi,Sumy,0.04409344355772131,0.94077414129823,0.2002815293041822,1e-10,True,74
290,Shevchenkivs'kyi,Kiev City,0.044082960675527055,0.9367528011263042,0.24870900291075654,1e-10,True,160
90,KryvyiRig,Dnipropetrovs'k,0.04400126964236477,0.862123910237417,0.2057536661723889,4.9602443819019015e-09,True,191
229,Verkhn'orohachyts'kyi,Kherson,0.04312062462751738,0.5515152685717187,0.02520433260072449,0.14772762018144592,False,7
390,Voznesens'kyi,Mykolayiv,0.04291763087958216,0.9516117810271445,0.2176487572565095,1.9052386335260962e-09,True,13
291,Solomians'kyi,Kiev City,0.04261629137945001,0.8501698649982028,0.08470266903752856,0.0034133490529953403,True,35
339,Alchevs'ka,Luhans'k,0.04234818761540196,0.9530637080034449,0.22059137430116385,1e-10,True,23
351,Lutuhyns'kyi,Luhans'k,0.038898705971586206,0.5221588623308321,0.032544250578875784,0.1498478402543445,False,10
42,Ripkyns'kyi,Chernihiv,0.038135831359031105,0.49757006580694074,0.04121305156784874,0.11875163833435148,False,17
2,Cherkas'kyi,Cherkasy,0.037815777289199985,0.9170811971011467,0.08069017695902003,0.012005140943337378,True,4
41,Pryluts'kyi,Chernihiv,0.037758955602441684,0.9385126856743091,0.1482664224883705,3.0802367381732587e-06,True,29
145,Novoazovs'kyi,Donets'k,0.03758469370629567,0.9437392193229228,0.15189742134217288,1.0392149700777509e-06,True,26
539,Vinnyts'ka,Vinnytsya,0.03750424787928788,0.49586432614322373,0.04637848331460792,0.08912399537618498,False,34
216,Hornosta‹vs'kyi,Kherson,0.037398573209252536,0.8109702841207738,0.048763867703611706,0.05334903070784197,False,13
260,Brovars'ka,Kiev,0.03407575268869272,0.9537657048521827,0.17031626025061763,4.955440030540714e-08,True,30
218,Kakhovs'kyi,Kherson,0.03397245115476658,1e-06,0.028203132107055846,0.17272318395858494,False,20
160,Volodars'kyi,Donets'k,0.033688830747806334,0.4933212385792554,0.036528510910841964,0.11305906235349206,False,50
397,Bilhorod-Dnistrovs'ka,Odessa,0.03231845980635851,0.874968616200776,0.07008184652104127,0.01790563885588803,True,16
271,Obukhivs'kyi,Kiev,0.03054850533859104,0.9240246523810616,0.0960983193904053,0.0016205363157886232,True,19
366,Starobil's'kyi,Luhans'k,0.030489875681178044,0.9524509780348946,0.14930225203336353,1.2967774370431506e-06,True,21
77,Saks'ka,Crimea,0.02808729946801686,0.5022561978571095,0.023502448812999475,0.20813682568397462,False,11
156,Tel'manivs'kyi,Donets'k,0.025488980197592877,0.9659888060854389,0.23394386833489192,1e-10,True,75
259,Boryspil's'ka,Kiev,0.025402806160500342,0.9814801100906616,0.2616902688469993,1e-10,True,17
488,Romens'kyi,Sumy,0.024595350849328925,0.9549597426088113,0.08207811108670451,0.00471884194279365,True,7
204,Shevchenkivs'kyi,Kharkiv,0.024533932547254722,0.9626524207305753,0.1921308616119861,6.297967147794736e-10,True,94
288,Pechers'kyi,Kiev City,0.024402224128678825,0.9571807297818348,0.10510487435688405,0.00031752095304310446,True,18
26,Borznians'kyi,Chernihiv,0.023570720521840068,0.478344448408575,0.033714743925342426,0.17941921037913738,False,15
209,Zmiïvs'kyi,Kharkiv,0.023514610183448355,0.9669463037366147,0.13740279555083795,4.043832856903684e-07,True,54
102,Petrykivs'kyi,Dnipropetrovs'k,0.023444043151356796,0.4811188187704436,0.037504474125514484,0.18283427448809986,False,15
322,L'vivs'ka,L'viv,0.023435658985750216,0.6312553979216917,0.02667225575974143,0.1612657729488225,False,35
98,Ordzhonikidzevs'ka,Dnipropetrovs'k,0.023300579153398764,0.9799715793933529,0.2955397636191134,1e-10,True,60
472,Nakhimovs'kyi,Sevastopol',0.0227329580121553,0.8907151321464281,0.08007242701044964,0.0022293245783812643,True,73
131,Krasnoarmiis'ka,Donets'k,0.022717273203192518,0.9789317970532407,0.5332900759780653,1e-10,True,262
394,Artsyz'kyi,Odessa,0.022699789346185703,0.8496128045685402,0.03089738578602578,0.14879099624028969,False,5
413,Ovidiopol's'kyi,Odessa,0.022564804581494978,0.9096460028770174,0.053381712671043455,0.02384800543305976,True,32
246,Shepetivs'ka,Khmel'nyts'kyy,0.022300943610809462,0.9322923319124669,0.07467560077252285,0.014066134269579977,True,10
198,Lozivs'kyi,Kharkiv,0.021465631508362944,0.9218143074962369,0.07541687030172883,0.021444333071725885,True,12
109,Synel'nykivs'kyi,Dnipropetrovs'k,0.02115235536714873,0.9464837264732788,0.0841149506722468,0.0025893822655632115,True,86
579,Chernihivs'kyi,Zaporizhia,0.02067178564780258,0.7588166662823158,0.027324819820575035,0.15439002132965857,False,20
298,Kirovohrads'kyi,Kirovohrad,0.020280610096004112,0.9633509996708489,0.13103872136113473,9.36699097137117e-06,True,77
36,Nizhyns'ka,Chernihiv,0.018675189741391953,0.9320586686687751,0.12030933293883886,0.00028662832868070476,True,22
80,Simferopol's'kyi,Crimea,0.01802193811229148,0.937626994741342,0.04421348683463256,0.04695384577467937,True,16
72,Krasnoperekops'kyi,Crimea,0.016577294815051703,0.7469623006481964,0.016952838896327746,0.2607503910234643,False,8
165,Halyts'kyi,Ivano-Frankivs'k,0.015303064982024906,0.8024120673623266,0.017489416751718605,0.2551072129537592,False,7
474,Buryns'kyi,Sumy,0.012378233897813727,0.9782516285360519,0.2875522908751073,1e-10,True,84
31,Koriukivs'kyi,Chernihiv,0.009438293327549896,0.49072900878672865,0.011840411781756889,0.35050156565894147,False,74
0,?,?,0.00882887577107174,0.9837617889589386,0.06817313733905421,0.006240095797325318,True,30
181,Blyzniukivs'kyi,Kharkiv,0.008631830956659065,0.9802267535788478,0.06257642973347854,0.030867969301015596,True,12
443,Poltavs'ka,Poltava,0.007886437488046722,0.9917204002125903,0.1546761083736934,8.517424815446262e-08,True,59
434,Kremenchuts'ka,Poltava,0.007584713117172012,0.47936301129366365,0.009517535751039252,0.3819753877529023,False,28
1,Cherkas'ka,Cherkasy,0.005820188964986501,0.9960594872883034,0.185505639685007,2.8620219527653035e-09,True,60
33,Kozelets'kyi,Chernihiv,0.004298605854132444,0.4788619421049404,0.0064227062609891064,0.4259059605467017,False,24
249,Starokostiantynivs'kyi,Khmel'nyts'kyy,0.004061023035948997,0.4888814612218357,0.005354435715606141,0.43157270561676986,False,36
89,Kryvoriz'kyi,Dnipropetrovs'k,0.0038934446048140467,0.4889395709325847,0.005771996190781201,0.432514457581079,False,59
480,Krolevets'kyi,Sumy,0.002965171356536762,0.999,0.13533040061912754,4.2699061841844355e-07,True,47
541,Zhmeryns'ka,Vinnytsya,1e-06,1e-06,-0.0016652806022745478,0.5,False,2
627,Zhytomyrs'kyi,Zhytomyr,1e-06,1e-06,-0.00669456740883932,0.5,False,8
315,Bus'kyi,L'viv,1e-06,1e-06,-0.0016652806022745361,0.5,False,2
546,Kivertsivs'kyi,Volyn,1e-06,0.08404957308329168,-0.0009051431646233574,0.5,False,1
547,Kovel's'ka,Volyn,1e-06,0.0012805204349911475,-0.002503211377201296,0.5,False,3
552,Luts'ka,Volyn,1e-06,1e-06,-0.008382238125598655,0.5,False,10
32,Korops'kyi,Chernihiv,1e-06,0.08404934271262716,-0.000905142954414656,0.5,False,1
605,Berdychivs'kyi,Zhytomyr,1e-06,0.0840492812992485,-0.0009051428983761533,0.5,False,1
607,Cherniakhivs'kyi,Zhytomyr,1e-06,1e-06,-0.0016652806022745257,0.5,False,2
606,Brusylivs'kyi,Zhytomyr,1e-06,1e-06,-0.0016652806022745465,0.5,False,2
597,Velykobilozers'kyi,Zaporizhia,1e-06,1e-06,-0.0033361167751008495,0.5,False,4
9,Kanivs'kyi,Cherkasy,1e-06,1e-06,-0.0016652806022745396,0.4995244990560872,False,2
592,Prymors'kyi,Zaporizhia,1e-06,1e-06,-0.005012536365981649,0.4992067630547291,False,6
612,Korostens'kyi,Zhytomyr,1e-06,1e-06,-0.0008319475880469292,0.5,False,2
621,Popil'nians'kyi,Zhytomyr,1e-06,0.08405017453947342,-0.0009051437134405471,0.5,False,1
617,Novohrad-Volyns'ka,Zhytomyr,1e-06,1e-06,-0.005348492758010022,0.5,False,8
622,Radomyshl's'kyi,Zhytomyr,1e-06,1e-06,-0.0008319475880469441,0.5,False,2
14,Man'kivs'kyi,Cherkasy,1e-06,0.08404957274140745,-0.0009051431643114452,0.5,False,1
297,Holovanivs'kyi,Kirovohrad,1e-06,0.0012805110448982856,-0.002503211353635461,0.5,False,3
301,Novhorodkivs'kyi,Kirovohrad,1e-06,0.08404909724783202,-0.0009051427304328955,0.5,False,1
294,Dobrovelychkivs'kyi,Kirovohrad,1e-06,0.08405013391277529,-0.0009051436763696418,0.5,False,1
296,Haivorons'kyi,Kirovohrad,1e-06,0.08404872357875127,-0.0009051423894674629,0.5,False,1
293,Bobrynets'kyi,Kirovohrad,1e-06,1e-06,-0.001665280602274551,0.5,False,2
287,Obolons'kyi,Kiev City,1e-06,0.482437126188935,-0.025032275838310608,0.5,False,18
337,Zhydachivs'kyi,L'viv,1e-06,0.08404957308329168,-0.0009051431646233574,0.5,False,1
295,Dolyns'kyi,Kirovohrad,1e-06,0.0012805096863591895,-0.0025032113502268818,0.5,False,3
336,Zhovkivs'kyi,L'viv,1e-06,1e-06,-0.0016652806022745418,0.4992722193811733,False,2
20,Umans'kyi,Cherkasy,1e-06,1e-06,-0.001665280602274537,0.5,False,2
308,Petrivs'kyi,Kirovohrad,1e-06,1e-06,-0.0016652806022745478,0.499272219383504,False,2
262,Fastivs'ka,Kiev,1e-06,0.5355992807279336,-0.0017369629145524358,0.5,False,16
306,Oleksandrivs'kyi,Kirovohrad,1e-06,0.001280520819826561,-0.0025032113781674153,0.5,False,3
305,Oleksandriis'kyi,Kirovohrad,1e-06,1e-06,-0.00501253636598165,0.4992068918778198,False,6
613,Korostyshivs'kyi,Zhytomyr,1e-06,0.08414193564866815,-0.0009052274482628171,0.5,False,1
593,Rozivs'kyi,Zaporizhia,1e-06,1e-06,-0.008200196638297748,0.5,False,12
112,Vasyl'kivs'kyi,Dnipropetrovs'k,1e-06,0.5154478623724883,-0.003649955899814188,0.4990371214097697,False,6
113,Verkhn'odniprovs'kyi,Dnipropetrovs'k,1e-06,0.08404949629352444,-0.0009051430945540412,0.5,False,1
371,Arbuzyns'kyi,Mykolayiv,1e-06,1e-06,-0.00501253636598166,0.5,False,6
368,Sverdlovs'ka,Luhans'k,1e-06,1e-06,-0.0033361167751008534,0.5,False,4
338,Zolochivs'kyi,L'viv,1e-06,1e-06,-0.0050125363659816605,0.4992068925180311,False,6
342,Bilokurakyns'kyi,Luhans'k,1e-06,1e-06,-0.0037546971355019465,0.5,False,6
341,Antratsytivs'kyi,Luhans'k,1e-06,1e-06,-0.0016652806022745353,0.5,False,2
340,Antratsitivs'ka,Luhans'k,1e-06,0.08404925645875203,-0.0009051428757096886,0.5,False,1
347,Krasnodons'kyi,Luhans'k,1e-06,0.08404928746384738,-0.0009051429040012188,0.5,False,1
354,Milovs'kyi,Luhans'k,1e-06,0.08404852972198566,-0.000905142212576858,0.5,False,1
309,Svitlovods'kyi,Kirovohrad,1e-06,1e-06,-0.003336116775100862,0.5,False,4
346,Krasnodons'ka,Luhans'k,1e-06,1e-06,-0.0029776113714216194,0.5,False,5
310,Ul'ianovs'kyi,Kirovohrad,1e-06,0.08404965428122071,-0.0009051432387148306,0.5,False,1
154,Snizhnens'ka,Donets'k,1e-06,1e-06,-0.005852848696467866,0.5,False,7
140,n.a. ( 384),Donets'k,1e-06,0.08404924821983968,-0.0009051428681917915,0.5,False,1
314,Brodivs'kyi,L'viv,1e-06,1e-06,-0.0016652806022745333,0.49927221938156174,False,2
238,Kamianets'-Podil's'ka,Khmel'nyts'kyy,1e-06,0.08404946527139141,-0.000905143066247151,0.5,False,1
100,Pavlohrads'kyi,Dnipropetrovs'k,1e-06,1e-06,-0.0029776113714216055,0.5,False,5
284,Desnians'kyi,Kiev City,1e-06,0.5194812966753657,-0.008487928705292015,0.5,False,16
155,Starobeshivs'kyi,Donets'k,1e-06,0.48881547126724434,-0.0056928626274957905,0.5,False,29
274,Polis'kyi,Kiev,1e-06,0.08404991345871392,-0.0009051434752093716,0.5,False,1
267,Kaharlyts'kyi,Kiev,1e-06,0.08404872095810562,-0.0009051423870760711,0.5,False,1
277,Stavyshchens'kyi,Kiev,1e-06,0.08404981990588309,-0.0009051433898441915,0.5,False,1
275,Rokytnians'kyi,Kiev,1e-06,1e-06,-0.0016652806022745353,0.49952449905965457,False,2
236,Iarmolynets'kyi,Khmel'nyts'kyy,1e-06,0.08404960444699426,-0.0009051431932421587,0.5,False,1
329,Sambirs'kyi,L'viv,1e-06,0.08404860774410179,-0.0009051422837705684,0.5,False,1
327,Radekhivs'kyi,L'viv,1e-06,1e-06,-0.0016652806022745316,0.5,False,2
326,Pustomytivs'kyi,L'viv,1e-06,0.08404994911308272,-0.0009051435077434466,0.5,False,1
321,Kamianka-Buz'kyi,L'viv,1e-06,1e-06,-0.0016652806022745528,0.5,False,2
317,Drohobyts'ka,L'viv,1e-06,1e-06,-0.006694567408839328,0.5,False,8
316,Chervonohrads'ka,L'viv,1e-06,1e-06,-0.004173626895552696,0.5,False,5
88,Krynychans'kyi,Dnipropetrovs'k,1e-06,1e-06,-0.004173626895552713,0.5,False,5
81,Soviets'kyi,Crimea,1e-06,1e-06,-0.001665280602274548,0.5,False,2
240,Khmel'nyts'ka,Khmel'nyts'kyy,1e-06,0.4897455755358981,-0.007712240935630204,0.5,False,50
241,Khmel'nyts'kyi,Khmel'nyts'kyy,1e-06,0.0012805095172202417,-0.002503211349802471,0.5,False,3
242,Krasylivs'kyi,Khmel'nyts'kyy,1e-06,0.08414193564866815,-0.0009052274482628171,0.5,False,1
245,Polons'kyi,Khmel'nyts'kyy,1e-06,0.08404997999543046,-0.000905143535922826,0.5,False,1
248,Slavuts'kyi,Khmel'nyts'kyy,1e-06,0.001280509446261664,-0.0008330136425951804,0.5,False,3
402,Ivanivs'kyi,Odessa,1e-06,0.08405017453947342,-0.0009051437134405448,0.5,False,1
376,Domanivs'kyi,Mykolayiv,1e-06,0.001280509418064221,-0.0025032113495538698,0.5,False,3
399,Bilia‹vs'kyi,Odessa,1e-06,0.5062638740521564,-0.018460037152868945,0.5,False,15
400,Bolhrads'kyi,Odessa,1e-06,1e-06,-0.0008319475880469417,0.5,False,2
401,Frunzivs'kyi,Odessa,1e-06,0.084049425684967,-0.0009051430301252482,0.5,False,1
396,Berezivs'kyi,Odessa,1e-06,0.0012805090258254037,-0.002503211348569268,0.49958868897935843,False,3
439,Mashivs'kyi,Poltava,1e-06,1e-06,-0.0016652806022745478,0.5,False,2
437,Lubens'ka,Poltava,1e-06,1e-06,-0.005012536365981643,0.49920676295921207,False,6
373,Berezans'kyi,Mykolayiv,1e-06,0.2377506740305527,-0.005151395824503369,0.49916977661516926,False,10
411,Mykola‹vs'kyi,Odessa,1e-06,1e-06,-0.0016652806022745457,0.5,False,2
435,Kremenchuts'kyi,Poltava,1e-06,1e-06,-0.0016652806022745467,0.4992722193811733,False,2
436,Lokhvyts'kyi,Poltava,1e-06,1e-06,-0.0016652806022745402,0.5,False,2
87,Iurïvs'kyi,Dnipropetrovs'k,1e-06,1e-06,-0.0029776113714216038,0.5,False,5
61,Bakhchysarais'kyi,Crimea,1e-06,1e-06,-0.004173626895552709,0.5,False,5
64,Dzhankois'ka,Crimea,1e-06,1e-06,-0.001665280602274548,0.5,False,2
62,Bilohirs'kyi,Crimea,1e-06,1e-06,-0.0016652806022745342,0.5,False,2
382,Novobuz'kyi,Mykolayiv,1e-06,1e-06,-0.006694567408839326,0.5,False,8
386,Pervomais'kyi,Mykolayiv,1e-06,1e-06,-0.0016652806022745337,0.49952449905846547,False,2
256,Bilotserkivs'kyi,Kiev,1e-06,0.08414193564866815,-0.0009052274482628171,0.5,False,1
163,Bohorodchans'kyi,Ivano-Frankivs'k,1e-06,0.0840492360984164,-0.0009051428571312143,0.5,False,1
91,Mahdalynivs'kyi,Dnipropetrovs'k,1e-06,0.08405097759053277,-0.0009051444462100475,0.5,False,1
107,Solonians'kyi,Dnipropetrovs'k,1e-06,1e-06,-0.007537696036722381,0.5,False,9
106,Sofi‹vs'kyi,Dnipropetrovs'k,1e-06,0.0840506318223998,-0.0009051441307028808,0.5,False,1
101,Petropavlivs'kyi,Dnipropetrovs'k,1e-06,1e-06,-0.006975453452684447,0.5,False,10
357,Novopskovs'kyi,Luhans'k,1e-06,1e-06,-0.004173626895552703,0.5,False,5
111,Tsarychans'kyi,Dnipropetrovs'k,1e-06,1e-06,-0.0016652806022745424,0.5,False,2
37,Nizhyns'kyi,Chernihiv,1e-06,1e-06,-0.005416421042624049,0.5,False,7
38,Nosivs'kyi,Chernihiv,1e-06,0.0840494352166642,-0.0009051430388228092,0.5,False,1
450,Zin'kivs'kyi,Poltava,1e-06,1e-06,-0.0022216073362335306,0.5,False,4
455,Dubrovyts'kyi,Rivne,1e-06,0.08405017453947342,-0.0009051437134405468,0.5,False,1
462,Rivnens'ka,Rivne,1e-06,0.4893820886434508,-0.018230290723638364,0.5,False,15
468,Zdolbunivs'kyi,Rivne,1e-06,0.08404996680507378,-0.0009051435238870116,0.5,False,1
469,Balaklavs'kyi,Sevastopol',1e-06,1e-06,-0.0033361167751008542,0.5,False,4
415,Rozdil'nias'kyi,Odessa,1e-06,1e-06,-0.003336116775100845,0.5,False,4
427,Hrebinkivs'kyi,Poltava,1e-06,0.08404962301982628,-0.0009051432101893266,0.5,False,1
416,Sarats'kyi,Odessa,1e-06,0.08405032385330193,-0.0009051438496867075,0.5,False,1
418,Shyria‹vs'kyi,Odessa,1e-06,0.08404948983046333,-0.0009051430886566417,0.5,False,1
425,Hadiats'kyi,Poltava,1e-06,0.08405005490324188,-0.0009051436042748336,0.5,False,1
431,Komsomol's'ka,Poltava,1e-06,0.08404997343199247,-0.0009051435299337138,0.5,False,1
426,Hlobyns'kyi,Poltava,1e-06,0.08405010358453487,-0.0009051436486956494,0.5,False,1
67,Ialtyns'ka,Crimea,1e-06,1e-06,-0.0008319475880469368,0.5,False,2
69,Kerchens'ka,Crimea,1e-06,1e-06,-0.005012536365981642,0.49920689269056023,False,6
170,Kolomyis'kyi,Ivano-Frankivs'k,1e-06,1e-06,-0.0016652806022745472,0.5,False,2
176,Tlumats'kyi,Ivano-Frankivs'k,1e-06,0.08404919793426335,-0.0009051428223074321,0.5,False,1
222,Novotro‹ts'kyi,Kherson,1e-06,0.4781992426092961,-0.018275778371420987,0.5,False,17
224,Nyzhn'osirohoz'kyi,Kherson,1e-06,1e-06,-0.0033361167751008755,0.5,False,4
65,Dzhankois'kyi,Crimea,1e-06,0.4940819582178979,-0.014191690228010123,0.5,False,34
169,Kalus'kyi,Ivano-Frankivs'k,1e-06,0.08404912056058232,-0.0009051427517053024,0.5,False,1
66,Feodosiis'ka,Crimea,1e-06,1e-06,-0.007537696036722368,0.5,False,9
168,Ivano-Frankivs'ka,Ivano-Frankivs'k,1e-06,0.4762922303385795,-0.01026378066483803,0.5,False,25
444,Poltavs'kyi,Poltava,1e-06,0.08404907805646535,-0.0009051427129212502,0.5,False,1
446,Reshetylivs'kyi,Poltava,1e-06,0.08404852972198566,-0.000905142212576858,0.5,False,1
233,Derazhnians'kyi,Khmel'nyts'kyy,1e-06,0.08404957490645813,-0.0009051431662869259,0.5,False,1
200,Novovodolaz'kyi,Kharkiv,1e-06,1e-06,-0.008382238125598662,0.5,False,10
73,Lenins'kyi,Crimea,1e-06,1e-06,-0.0016652806022745329,0.5,False,2
70,Kirovs'kyi,Crimea,1e-06,1e-06,-0.0041736268955527055,0.5,False,5
74,Nyzhn'ohirs'kyi,Crimea,1e-06,0.08404921646273787,-0.0009051428392141831,0.5,False,1
75,Pervomais'kyi,Crimea,1e-06,1e-06,-0.0016652806022745318,0.5,False,2
527,Mohyliv-Podil's'kyi,Vinnytsya,1e-06,0.08404954701488444,-0.0009051431408364895,0.5,False,1
536,Trostianets'kyi,Vinnytsya,1e-06,1e-06,-0.003754697135501949,0.4995693438628383,False,6
537,Tul'chyns'kyi,Vinnytsya,1e-06,1e-06,-0.0016652806022745524,0.4992722193788425,False,2
540,Vinnyts'kyi,Vinnytsya,1e-06,1e-06,-0.0033361167751008733,0.5,False,4
482,Lypovodolyns'kyi,Sumy,1e-06,1e-06,-0.0016652806022745376,0.4992722193858348,False,2
448,Shyshats'kyi,Poltava,1e-06,0.08405005490324188,-0.0009051436042748336,0.5,False,1
505,Pidhaiets'kyi,Ternopil',1e-06,0.08404942017473196,-0.0009051430250971858,0.5,False,1
523,Ladyzhyns'ka,Vinnytsya,1e-06,0.08404814880768008,-0.0009051418650006064,0.5,False,1
578,Berdians'kyi,Zaporizhia,1e-06,1e-06,-0.005012536365981665,0.4992068924182208,False,6
499,Chortkivs'kyi,Ternopil',1e-06,0.08404901835230542,-0.0009051426584423619,0.5,False,1
502,Kremenets'kyi,Ternopil',1e-06,0.08404969432841383,-0.0009051432752571412,0.5,False,1
575,Volovets'kyi,Zakarpattia,1e-06,0.08404989758568673,-0.0009051434607255616,0.5,False,1
30,Ichnians'kyi,Chernihiv,1e-06,1e-06,-0.0016652806022745448,0.5,False,2
567,Mukachivs'kyi,Zakarpattia,1e-06,0.08404855875323641,-0.000905142239067224,0.5,False,1
514,Bars'kyi,Vinnytsya,1e-06,0.08404986094366859,-0.000905143427290275,0.5,False,1
521,Koziatyns'kyi,Vinnytsya,1e-06,1e-06,-0.0016652806022745311,0.5,False,2
23,Zvenyhorods'kyi,Cherkasy,1e-06,1e-06,-0.0041736268955527124,0.5,False,5
571,Tiachivs'kyi,Zakarpattia,1e-06,0.08404926544351415,-0.0009051428839080049,0.5,False,1
190,Kehychivs'kyi,Kharkiv,1e-06,0.0012805100332710035,-0.0025032113510964015,0.4995886889972296,False,3
203,Sakhnovshchyns'kyi,Kharkiv,1e-06,0.001280509448397642,-0.002503211349629865,0.4995886890274731,False,3
561,Volodymyr-Volyns'kyi,Volyn,1e-06,0.08405017453947342,-0.0009051437134405474,0.5,False,1
556,Ratnivs'kyi,Volyn,1e-06,0.08404867476352315,-0.0009051423449245866,0.5,False,1
60,Alushtyns'ka,Crimea,1e-06,0.0840500594566389,-0.0009051436084296453,0.5,False,1
566,Mukachivs'ka,Zakarpattia,1e-06,0.08405031308430894,-0.0009051438398601755,0.5,False,1
56,Sokyrians'kyi,Chernivtsi,1e-06,1e-06,-0.0016652806022745407,0.5,False,2
52,Khotyns'kyi,Chernivtsi,1e-06,0.08404893019112625,-0.0009051425779969214,0.5,False,1
48,Varvyns'kyi,Chernihiv,1e-06,1e-06,-0.005012536365981667,0.49920689214445557,False,6
49,Chernivets'ka,Chernivtsi,1e-06,0.08407527450669883,-0.0009051666170289915,0.5,False,1
47,Talala‹vs'kyi,Chernihiv,1e-06,1e-06,-0.002314388544516848,0.5,False,5
46,Sribnians'kyi,Chernihiv,1e-06,0.0012805100640112279,-0.002503211351174562,0.5,False,3
19,Umans'ka,Cherkasy,1e-06,0.47841279396844805,-0.021393507002168,0.5,False,15
17,Smilians'kyi,Cherkasy,1e-06,1e-06,-0.0033361167751008464,0.5,False,4
