区名称,州名称,Alpha,Beta,Sigma_km,"Corr(Y, λ)",p_value,显著
Kharkivs'kyi,Kharkiv,0.8,0.7183184829398415,149.99992103893717,0.07687036967940655,0.00012001164536962206,✓
Dvorichans'kyi,Kharkiv,0.8,0.9309399552322796,151.07302096733912,0.3258226453341388,0.0,✓
Zhovtnevyi,Mykolayiv,0.8,0.7761296568145317,149.99929123811015,0.17597042371419447,0.0,✓
Iasynuvats'kyi,Donets'k,0.8,0.9532241219957049,149.9997876781059,0.24543332976535612,0.0,✓
Artemivs'kyi,Donets'k,0.8,0.9707872467355338,149.9996598168518,0.39210086259886556,0.0,✓
Putyvl's'kyi,Sumy,0.8,0.8874132099023141,149.99227798223586,0.22830420366044205,0.0,✓
Volnovas'kyi,Donets'k,0.8,0.8052611744245971,149.99991319722247,0.17372414440607903,1.6929996293768568e-10,✓
Balakliis'kyi,Kharkiv,0.8,0.49176286428043425,149.99899527915994,0.11576418529258084,1.124386966866453e-08,✓
Zolochivs'kyi,Kharkiv,0.8,0.8927316225210794,149.99994846764704,0.21451721953726002,0.0,✓
Hlukhivs'kyi,Sumy,0.79999902199177,0.9602250190932347,149.99949147413076,0.2114178146627823,0.0,✓
Snihurivs'kyi,Mykolayiv,0.79837743102268,0.4683172156674603,149.99980076250205,0.12131888831218239,2.0495624031280357e-08,✓
Semenivs'kyi,Chernihiv,0.785664884787075,0.7819379758641043,149.99996933559976,0.2597247004722882,0.0,✓
Pokrovs'kyi,Dnipropetrovs'k,0.7456565037545761,0.05836758415099313,149.99975076793442,0.12352197170768157,4.403212358505826e-06,✓
Slovians'kyi,Donets'k,0.7269511642123401,0.6844075416826889,149.99991716047836,0.16716861120634108,0.0,✓
Dobropil's'kyi,Donets'k,0.7203468470342229,0.01,150.0910396404421,0.19317536161766535,9.804379530464757e-13,✓
Krasnoarmiis'kyi,Donets'k,0.7201112653989751,0.8683610075745152,150.00121687596632,0.08635133505770581,1.7521731288105968e-09,✓
Beryslavs'kyi,Kherson,0.718149288263302,0.9596399253137632,149.9999813394655,0.3650648675657325,0.0,✓
Derhachivs'kyi,Kharkiv,0.7001592552564243,0.7323406687909261,149.99999118945675,0.11015602775252988,4.851727347099377e-07,✓
Chuhu‹vs'kyi,Kharkiv,0.6932234212602885,0.5487913743726757,149.9879741202216,0.12002858856007961,4.1542269624272876e-11,✓
Mar‹ns'kyi,Donets'k,0.6587294487493491,0.9705721049650463,149.9997891996678,0.3251527120626246,0.0,✓
Slovians'ka,Donets'k,0.6579935247538387,0.3445698856834925,149.99992116710808,0.14802662748610426,8.313530879988651e-06,✓
Huliaipil's'kyi,Zaporizhia,0.6096981973664666,0.9748211877091351,138.32241264423095,0.49109618730856525,0.0,✓
Barvinkivs'kyi,Kharkiv,0.6032923066858414,0.3225228794713326,149.99845621374757,0.05270805245413041,0.002144273020487364,✓
Vysokopil's'kyi,Kherson,0.5917291125952664,0.7880323965675566,149.99949906401366,0.23901126516308488,0.0,✓
Donets'ka,Donets'k,0.5668781045936374,0.9311610348149864,149.9993895802912,0.19193945086367836,4.6629367034256575e-15,✓
Kostiantynivs'ka,Donets'k,0.5665940945539794,0.774301883808929,150.00203680489628,0.26892922521897894,1.6653345369377348e-16,✓
Seredyno-Buds'kyi,Sumy,0.5534107813618792,0.9569853332506122,149.99977798259005,0.30053836033991893,0.0,✓
Melitopol's'kyi,Zaporizhia,0.5453365773608045,0.036528247485318105,149.9984443942222,0.11743152308642031,8.227611643646382e-05,✓
Shchors'kyi,Chernihiv,0.5186430530350725,0.8997619459694701,149.9997000804293,0.21284479266000653,0.0,✓
Artemivs'ka,Donets'k,0.482181174358283,0.7802126649265181,149.9987995345829,0.1237767551194466,6.291274460279439e-07,✓
Orikhivs'kyi,Zaporizhia,0.4509761146919737,0.984279943425674,149.9972624072003,0.5070482062405599,0.0,✓
Kostiantynivs'kyi,Donets'k,0.42851636106323454,0.9459806491816943,149.999910108436,0.39025057019375853,0.0,✓
Zaporiz'kyi,Zaporizhia,0.39676390481651486,0.6777132169507379,150.00126662559484,0.1766861409688784,2.7667762525496187e-10,✓
Velykonovosilkivs'kyi,Donets'k,0.39087675232756935,0.9814267823617412,149.72901060846644,0.5006803187632861,0.0,✓
Buryns'kyi,Sumy,0.37833815167879437,0.08122610114452387,149.98932895782625,0.09419692793053744,0.0008132757582227645,✓
Bereznehuvats'kyi,Mykolayiv,0.33737525998701273,0.8788909897329058,149.99956434438755,0.24873506198585105,0.0,✓
Bilozers'kyi,Kherson,0.31584004163634394,0.99,149.99992496377297,0.36784364070023556,0.0,✓
Krasnoarmiis'ka,Donets'k,0.30947256451438104,0.7456830777720449,150.02673888817935,0.12228724850175895,4.957894467028101e-06,✓
Iziums'kyi,Kharkiv,0.30504589104862245,0.5913691345146335,149.99996782022527,0.0867615285739668,0.0008939002830460896,✓
Ordzhonikidzevs'ka,Dnipropetrovs'k,0.28770041068198626,0.01,150.00034093995077,0.09823908605349238,0.0012885605817292145,✓
Bohodukhivs'kyi,Kharkiv,0.2714131475579507,0.5450488726954408,149.999774141388,0.07425411323407384,0.0023093597531861354,✓
Vovchans'kyi,Kharkiv,0.2586964151688804,0.9789922116239647,149.99873543657702,0.3384376582746894,0.0,✓
Vasylivs'kyi,Zaporizhia,0.2542014890982248,0.9731768273851328,149.99992602644886,0.33033854772055987,0.0,✓
Maki‹vs'ka,Donets'k,0.2397291430456288,0.8750273511408042,149.98834042959007,0.17716951912602824,1.0128040178747355e-06,✓
Krasnopil's'kyi,Sumy,0.21585163093309723,0.99,149.9997174804448,0.27831378497382997,0.0,✓
Mykhailivs'kyi,Zaporizhia,0.2137288761916327,0.44732139657153824,149.99992499773185,0.10214073713682076,0.00012685801915779393,✓
Krasnolymans'kyi,Donets'k,0.21219823360679038,0.9731741242734665,149.99971049112,0.2390900882011467,0.0,✓
Dzerzhyns'ka,Donets'k,0.18806411714402016,0.9712515547002445,149.99988556221973,0.1830761746784259,9.2148511043888e-15,✓
Iasynuvats'ka,Donets'k,0.18518025154657763,0.6770592316618746,149.99995699333442,0.03047933876519145,0.16711172937912505,
Koriukivs'kyi,Chernihiv,0.1807298005848823,0.4511455236361981,150.0002266635224,0.07139446254684823,0.00928163740559046,✓
Okhtyrs'kyi,Sumy,0.17713926043390663,0.15170401913917805,149.99975119836722,0.035164885885613964,0.08721152585709474,
Mezhivs'kyi,Dnipropetrovs'k,0.17144495573233212,0.6758024756991255,150.00670911321436,0.2555094864450932,4.782119145119168e-12,✓
Amvrosi‹vs'kyi,Donets'k,0.16361617563516792,0.01,150.00083100749998,0.04968400753834461,0.026215400802878985,✓
Khersons'ka,Kherson,0.15193711587507144,0.99,149.99994590006486,0.4625658593199325,0.0,✓
Sums'kyi,Sumy,0.14849712839275345,0.99,149.90090145915323,0.22361465700182395,0.0,✓
Starobeshivs'kyi,Donets'k,0.13940287375151866,0.01,150.0010698487939,0.02203597486875374,0.5,
Kremenchuts'ka,Poltava,0.13486718589366942,0.01,150.0003156372659,0.0050306885067014475,0.5,
Novovorontsovs'kyi,Kherson,0.13361446121877674,0.985136096727087,149.99974080265375,0.255376305284063,0.0,✓
Holoprystans'kyi,Kherson,0.13255653406880566,0.8970044310589206,149.99431058156514,0.1267641414220604,5.770394001514134e-08,✓
Kamians'ko-Dniprovs'kyi,Zaporizhia,0.13251115623955953,0.892747332723025,137.02641798064735,0.16309637710364236,2.4700902434560135e-10,✓
Velykooleksandrivs'kyi,Kherson,0.12965907454523604,0.9401647936303459,149.99984357219785,0.18332374484976863,0.0,✓
Pecheniz'kyi,Kharkiv,0.12737329059680097,0.5429054568057593,150.00017449637346,0.09747020953216104,0.0011914702876854588,✓
Heniches'kyi,Kherson,0.12394718113813935,0.01,150.0000510801416,0.061374486107787625,0.031414508700689625,✓
Velykopysarivs'kyi,Sumy,0.11988469613938071,0.99,149.99516180351833,0.2538582512110149,0.0,✓
Velykolepetys'kyi,Kherson,0.11348715340027024,0.6547787653417826,150.00120459390087,0.08760341147427152,0.00016698539570830784,✓
Bilopils'kyi,Sumy,0.10502471335919296,0.99,16.97346894541587,0.2542454964266678,0.0,✓
Nakhimovs'kyi,Sevastopol',0.10399680886517,0.581558699923701,150.00002968750255,0.0229482063547945,0.14148775156263438,
Starobil's'kyi,Luhans'k,0.1012417348222804,0.01,150.00158606389846,0.045998424961802925,0.03861037098018405,✓
Dobropil's'ka,Donets'k,0.09215347969696112,0.7524899971285007,150.01306972514598,0.10334065373310067,0.0005363408728005226,✓
Vil'nians'kyi,Zaporizhia,0.09170698917959562,0.6794820251258162,150.00000235154153,0.02436218484741427,0.10208059355938981,
Polohivs'kyi,Zaporizhia,0.08762447495790829,0.9353468931401921,149.9991990484515,0.1191492389695845,2.8951708017643796e-06,✓
Kremins'kyi,Luhans'k,0.08747063651930549,0.9865238475152318,149.99714296380918,0.3124601085442702,0.0,✓
Bashtans'kyi,Mykolayiv,0.08571044276593691,0.8696316481343223,149.9993840483235,0.09354507116355944,0.00019055087987468466,✓
Nikopol's'kyi,Dnipropetrovs'k,0.082591528628404,0.99,150.20446326595112,0.3479478062653276,0.0,✓
Novotro‹ts'kyi,Kherson,0.08200823292121488,0.01,150.00076477774556,0.023825380747568587,0.5,
Konotops'kyi,Sumy,0.07902095494116401,0.7228696813942397,149.99869893005967,0.05955538265759249,0.010634772779589186,✓
Fastivs'ka,Kiev,0.07771557831568464,0.01,149.99908660576895,0.07128055964938304,0.029922347501475544,✓
Novhorod-Sivers'kyi,Chernihiv,0.07336042959918922,0.99,149.99808706330109,0.29099946473299604,0.0,✓
Krasnohrads'kyi,Kharkiv,0.0723611744676162,0.01,150.0011632622611,0.04623838797366653,0.05908480884556716,
Ievpatoriis'ka,Crimea,0.07205843576735463,0.07575783971101845,150.0003900128135,0.01259555128157433,0.2686761831512996,
Shyrokivs'kyi,Dnipropetrovs'k,0.0713089766914447,0.6225006248587405,149.9999749368945,0.04100179920895148,0.07858296014238575,
Svativs'kyi,Luhans'k,0.07014852243616647,0.9880768924687913,149.3784137467841,0.32570483198546957,0.0,✓
Petrykivs'kyi,Dnipropetrovs'k,0.06997357257225485,0.043160323609624685,150.00090480892547,0.044371906541017324,0.046768573852142226,✓
Shevchenkivs'kyi,Kharkiv,0.06856328874906456,0.8028142018458788,150.00005885832212,0.0422600206100356,0.043278304377643184,✓
Krasnolymans'ka,Donets'k,0.06506299022974094,0.36079005923849783,150.0007710224247,0.012247456454442638,0.2827760088137964,
Voznesens'kyi,Mykolayiv,0.06299612606955211,0.01,149.99981145262757,0.053023640964704265,0.05931253545116355,
Hornosta‹vs'kyi,Kherson,0.06282669910452676,0.01,150.00089892807208,0.07325078197063407,0.02214343842926636,✓
Kupians'kyi,Kharkiv,0.061539809117202415,0.9891193988948889,10.0,0.5596413117883399,0.0,✓
Cherkas'ka,Cherkasy,0.06150413682166551,0.7921277160170043,149.99959916475237,0.07331142379800071,0.0034092600494302072,✓
Zmiïvs'kyi,Kharkiv,0.059948348955559526,0.6134810197825533,150.00009355568622,0.02593689555813921,0.16294739814321652,
Oleksandrivs'kyi,Donets'k,0.05906637225838648,0.4934737138849222,150.0004514970765,0.04952599860463507,0.0515220690852069,
Zaporiz'ka,Zaporizhia,0.058730406281295576,0.9603588233235388,150.00000937839863,0.1117744387343854,6.135841644033802e-05,✓
Chernihivs'kyi,Zaporizhia,0.05833000766215594,0.40235229956401086,150.00128004080625,0.048649228119066766,0.03926761437130938,✓
Rozivs'kyi,Zaporizhia,0.057798853778549104,0.01,150.00197037872098,0.04695792471819509,0.05658567041402068,
Roven'kivs'ka,Luhans'k,0.057496350044747645,0.01,150.00215156704792,-0.0013533114356964891,0.5,
Desnians'kyi,Kiev City,0.05585878009322114,0.27010588257923923,149.99962052154436,0.04897087241954814,0.0757698215912655,
Ochakivs'kyi,Mykolayiv,0.05466775167360376,0.99,149.99676527905584,0.28033829364346513,0.0,✓
Krolevets'kyi,Sumy,0.05416744613472451,0.7657122266730064,149.99973278686335,0.038306527220031285,0.0535002257003816,
Shakhtars'ka,Donets'k,0.05354680118563333,0.20202372771547983,150.00127820699637,0.016559718234394883,0.20104660914661976,
Bilhorod-Dnistrovs'ka,Odessa,0.05025845620799933,0.33251028645336456,149.99978048909782,0.06492506536190933,0.029189490334356027,✓
Ripkyns'kyi,Chernihiv,0.04998258853385322,0.01,149.99993655425044,0.03725758893003234,0.1635091386994738,
Romens'ka,Sumy,0.04827735069914403,0.01,150.00062395708935,0.030100224224534483,0.20419001608850135,
Borivs'kyi,Kharkiv,0.04452712879748773,0.9854942403862743,151.70675500855486,0.17506534466903717,0.0,✓
Kupians'ka,Kharkiv,0.04408705482479898,0.9891971530450417,149.99993510144574,0.3211959316929487,0.0,✓
Iampil's'kyi,Sumy,0.04354361082673555,0.99,149.99876890396084,0.24717029975492621,0.0,✓
n.a. ( 511),Donets'k,0.04133519640855927,0.27090537851160873,150.00122146627893,0.021601431190785614,0.1454580412612137,
Stryis'kyi,L'viv,0.03889311528639131,0.01,149.99714546785484,0.013163797788782147,0.23797162935959787,
Novoodes'kyi,Mykolayiv,0.03864127395118692,0.01,150.00003611394993,0.04165332382428638,0.11973285004322465,
Novobuz'kyi,Mykolayiv,0.038621302172046505,0.01,150.00032272250843,0.0271564088725691,0.14006868756445146,
Kalanchats'kyi,Kherson,0.03856894252451042,0.01,150.00068712705902,0.01886011349711134,0.17200734842450632,
Marhanets'ka,Dnipropetrovs'k,0.03800507721622366,0.99,150.00006428651074,0.33909542690412364,0.0,✓
Reniis'kyi,Odessa,0.03476158204839582,0.10683546012970152,149.999208424969,0.0709852862074881,0.03597094028556913,✓
Krasnohvardiis'kyi,Crimea,0.03373266639184269,0.01,150.00107987054227,0.05111656314482249,0.07349495532248207,
Verkhn'orohachyts'kyi,Kherson,0.03371842722971997,0.01,150.00127354752323,0.05273624022349819,0.06311030805193185,
Romens'kyi,Sumy,0.03369090574112068,0.01,150.00052859774092,0.01722158939878174,0.3368847227946138,
Obukhivs'kyi,Kiev,0.031628548947419094,0.01,149.99990540294402,0.033976708830418124,0.2230237723977287,
Novoazovs'kyi,Donets'k,0.030920261967856775,0.34956601065019766,150.0000588560588,0.02574763779133026,0.24502639868367654,
Kozelets'kyi,Chernihiv,0.029527433652588943,0.5431014538875146,149.99993896847116,0.019891015523923968,0.2489701773248965,
Prymors'kyi,Zaporizhia,0.028811445737107172,0.01,150.00182378527361,0.032510221874296905,0.12919045418298675,
Varvyns'kyi,Chernihiv,0.028720680310256312,0.01,150.00019499697856,0.019157948579920137,0.23164095970231618,
Velykoburluts'kyi,Kharkiv,0.028496743631332658,0.9898642976316973,258.162129630291,0.2295830842797299,0.0,✓
Synel'nykivs'kyi,Dnipropetrovs'k,0.02784437042236317,0.8926882080361038,150.00007467962365,0.053457408579993995,0.0539559389741891,
Izma‹l's'ka,Odessa,0.027776198147074112,0.7351125734240994,149.99974110277853,0.05553516803172036,0.0630591270256366,
Horodnians'kyi,Chernihiv,0.027384650590979758,0.9788139652964661,149.99978350724697,0.08807169669181868,0.00032218621043894613,✓
Kazanetskyi,Mykolayiv,0.025782599277220836,0.7719451593370616,150.000261295369,0.12605223062445411,0.0017551643115453208,✓
Alchevs'ka,Luhans'k,0.025200424856655173,0.77588508152285,150.00125481383904,0.05696358779413826,0.02480096756970729,✓
Kulykivs'kyi,Chernihiv,0.02496179878390248,0.14780883825846103,149.99976907325427,0.10751318898293198,0.02069834121850861,✓
Zvenyhorods'kyi,Cherkasy,0.024079546997805654,0.01,149.99938352187726,0.03624703449629342,0.12160938629003054,
Tomakivs'kyi,Dnipropetrovs'k,0.024031575188778465,0.99,155.37670039741394,0.16395905402610247,1.1762812945903534e-13,✓
Bakhchysarais'kyi,Crimea,0.024025664100689206,0.01,150.0008427314622,0.033176900734494974,0.15229663526724013,
Kirovs'kyi,Crimea,0.024016638081645284,0.01,150.00136112557783,0.036542582208665894,0.11080194152552059,
Veselivs'kyi,Zaporizhia,0.024003054922002484,0.01,150.00132728133917,0.037547318386168795,0.11292636661744648,
Boryspil's'ka,Kiev,0.023861253918924245,0.7147750761329813,149.99867962803904,0.11217138614321756,0.005318211905833425,✓
Odes'ka,Odessa,0.02278220593430012,0.6930384284074025,149.99999964327108,-0.03962903434295328,0.5,
Petropavlivs'kyi,Dnipropetrovs'k,0.022718069715473795,0.5336364734185518,150.0019155742202,0.06724660913280645,0.03020628160950939,✓
Holosiïvs'kyi,Kiev City,0.02228542407906542,0.6457424176658328,149.99994872311598,0.02137192950220726,0.25521169911811514,
n.a. ( 394),Donets'k,0.021724934241340036,0.99,27.89456351253854,0.335922757163574,0.0,✓
Trostianets'kyi,Vinnytsya,0.02100538088381475,0.24758946667747864,149.99917054332755,0.005037197723158884,0.358901078045558,
Bakhmats'kyi,Chernihiv,0.020416594340344815,0.30723977483189835,149.9999160474451,0.005108707113888691,0.3912347697507099,
Tokmats'kyi,Zaporizhia,0.01971241120358425,0.99,149.99743427653775,0.25866172690491723,0.0,✓
Smilians'kyi,Cherkasy,0.019164168090243364,0.01,149.99985027690082,0.01637530077969921,0.2815361399765509,
Velykobilozers'kyi,Zaporizhia,0.019134538030834407,0.01,150.00133819028093,0.01995696518504804,0.23824048687629806,
Berdians'ka,Zaporizhia,0.01902396727616037,0.9103750133815461,150.0000160122183,0.0391286585851183,0.11070572723012373,
Feodosiis'ka,Crimea,0.017556649652298695,0.4837479096229572,150.00035940384535,0.006423836933172498,0.33995701500359454,
Rozdil'nias'kyi,Odessa,0.01669789732499175,0.12408899367527691,149.99944133644627,0.009677856861040918,0.3151063697150074,
Tsiurupyns'kyi,Kherson,0.016617431920629932,0.99,149.9996477537252,0.17956024094699288,0.0,✓
Novomykola‹vs'kyi,Zaporizhia,0.016445030207617325,0.9147406649932239,150.0042711600766,0.07008178764478887,0.012207347436844762,✓
Dnipropetrovs'kyi,Dnipropetrovs'k,0.01561254898678457,0.5358173591468962,150.0002942637122,0.03285568048603543,0.18288702422432968,
Nedryhailivs'kyi,Sumy,0.01452268605026262,0.8868881381567575,149.9987305985789,0.07766406692705416,0.009045144916669468,✓
?,?,0.014505142501812257,0.6572164637890903,149.99997126947872,0.011258086392102655,0.35251892056748435,
Khmel'nyts'kyi,Khmel'nyts'kyy,0.014470953447902484,0.01,149.99776637369845,0.068722654501818,0.08287962462564535,
Kuibyshevs'kyi,Zaporizhia,0.014383097507793324,0.9423286543272608,150.00061008642828,0.13502597352271317,6.90269198806992e-05,✓
Berezivs'kyi,Odessa,0.014353371144920806,0.01,149.9995501084912,0.013257776877911723,0.2665754477050728,
Kehychivs'kyi,Kharkiv,0.014303366598563556,0.01,150.00190878500516,0.04118581600262169,0.14497142051427908,
Ivano-Frankivs'ka,Ivano-Frankivs'k,0.014227370944885413,0.6220651821795345,149.99993016154514,-0.10143174113971597,0.5,
Volodars'kyi,Donets'k,0.013833874315511105,0.9395179231196371,150.0002007072681,0.044288939248741,0.04802384177913943,✓
Domanivs'kyi,Mykolayiv,0.013755720910416108,0.05267983694746377,149.9995799347212,0.028748297062299862,0.17437528174253836,
Slovianoserbs'kyi,Luhans'k,0.01250776878134246,0.6716451542200924,150.00004091554297,-0.04387437754874702,0.5,
Krasnodons'ka,Luhans'k,0.012387146403861089,0.38065865329010945,150.00118735519055,0.01962734689792137,0.21628084808219944,
Vasyl'kivs'kyi,Dnipropetrovs'k,0.012248295106183926,0.579889137375189,150.00185469379375,0.06041760367731724,0.07051956183531927,
Obolons'kyi,Kiev City,0.011498758820767268,0.6300004887882201,149.99994219017572,0.01997481845760171,0.3184934833354691,
Saks'kyi,Crimea,0.010669109154235204,0.6621643495700142,150.0000193048413,-0.016136889199079036,0.5,
Lubens'ka,Poltava,0.010497321446842123,0.47464275479164963,150.0001117639417,0.019418006014826995,0.263321436207928,
Zhovkivs'kyi,L'viv,0.009568749586578005,0.01,149.99710284821958,0.03636008185468776,0.1792026843541597,
Kolomyis'kyi,Ivano-Frankivs'k,0.009553439711055245,0.017212513599174185,149.99738371131266,0.04731548918998788,0.14294342145173117,
Bobrynets'kyi,Kirovohrad,0.009523577136752394,0.01,150.00007560383563,0.04666562135094494,0.1443399364834782,
Bolhrads'kyi,Odessa,0.009514217866105273,0.01,149.99888968818857,0.012295418018651149,0.24887071616267709,
Znamians'kyi,Kirovohrad,0.009485595959367973,0.01,150.00026773615176,0.01821596979581497,0.24581160389349177,
Tsarychans'kyi,Dnipropetrovs'k,0.009477840085149517,0.01,150.00131643405248,0.037660715835924785,0.18234727000328482,
Bilovods'kyi,Luhans'k,0.009436698687861768,0.01,150.00265970831686,0.021589503601754337,0.22913643679502332,
Novokahovs'ka,Kherson,0.00929803296827927,0.9511459526047178,150.00053196133476,0.033733175743203406,0.015691621029074287,✓
Petrivs'kyi,Kirovohrad,0.009265080959592447,0.032700652465375395,150.00066711620616,0.024029348274431987,0.2196962613493747,
Bilohirs'kyi,Crimea,0.009255590387902395,0.029787210041015935,150.00105972383102,0.004381846812517316,0.36820467275602925,
Simferopol's'kyi,Crimea,0.009245016709259243,0.6524008959138923,150.00005227262358,0.007426185654309198,0.37309031876494747,
Umans'kyi,Cherkasy,0.008535436793950954,0.11691957320551007,149.9991709856561,0.06961396521174237,0.10770829360863354,
Dzhankois'kyi,Crimea,0.008324253064907213,0.9428444900188236,150.00389072967482,0.059758043368494176,0.01335683540880045,✓
Voznesens'ka,Mykolayiv,0.008309580361786861,0.7022017950277702,149.99999344777265,0.01285386851797271,0.37450864873989376,
Solonians'kyi,Dnipropetrovs'k,0.008183414890554852,0.5852679066991857,150.00019411201728,0.017630692466642926,0.32392111745787633,
Saks'ka,Crimea,0.00786845609338496,0.6820154226876887,150.00025821622825,-0.003602846224737417,0.5,
Nizhyns'kyi,Chernihiv,0.007213453247140944,0.5469160408311207,149.9999562911883,0.026954033174173653,0.2953090994915446,
Svitlovods'kyi,Kirovohrad,0.006513642092024959,0.665072866979345,150.00055417624137,0.046438003126814,0.12963319620691555,
Letychivs'kyi,Khmel'nyts'kyy,0.006412256713245773,0.33867091400415616,149.99807427270318,0.07805579761817222,0.10394772461580143,
Kakhovs'kyi,Kherson,0.005992370702887625,0.9398249197072204,150.0012578289813,0.05626429984324452,0.022974960930149668,✓
Chaplyns'kyi,Kherson,0.005839167827978316,0.6858986559938307,150.00000557923966,-0.0019428529707398922,0.5,
Krasnoluts'ka,Luhans'k,0.005678454352102444,0.7049983493178338,150.0004296591498,0.0029229159309711373,0.5,
Snizhnens'ka,Donets'k,0.005298811552162116,0.5808926486109492,150.0004192464186,0.010046303323093064,0.37778972117427956,
Kovel's'ka,Volyn,0.005125386546822029,0.4157726833250906,149.99902034188847,0.007442797097125871,0.38839855465257667,
Pavlograd,Dnipropetrovs'k,0.005051456794875548,0.6871765706132891,150.00000868929993,0.004132430250509862,0.45220905604649003,
Novhorodkivs'kyi,Kirovohrad,0.004751194672224419,0.037551283201595446,150.0003725409664,0.04617263044037137,0.19763629803972355,
Krasylivs'kyi,Khmel'nyts'kyy,0.004719206150851436,0.01,149.99755804323803,0.05692330246940537,0.17491884542978153,
Korostyshivs'kyi,Zhytomyr,0.004710673717361137,0.01,149.9984160719139,0.056929897345929854,0.17491713088950928,
Bilotserkivs'kyi,Kiev,0.004706141084659296,0.01,149.99887404506265,0.0569082103213386,0.1749453279533254,
Chernivets'ka,Chernivtsi,0.004697125191958234,0.01,149.99734550714118,0.038324482181177996,0.21401059344525802,
Berdychivs'kyi,Zhytomyr,0.004695863608592265,0.01,149.99819213364654,0.04244253393425572,0.20390053649392753,
Man'kivs'kyi,Cherkasy,0.004684636380254205,0.01,149.998968020505,0.03990773869649246,0.20999638422180383,
Dobrovelychkivs'kyi,Kirovohrad,0.004683772357556885,0.01,149.99947260357013,0.04306681244091533,0.20241758492422512,
Pidhaiets'kyi,Ternopil',0.004666361112779692,0.01,149.9970530242318,0.0177777986446526,0.2870313540017058,
Ul'ianovs'kyi,Kirovohrad,0.004660719840223233,0.01752211533193758,149.99919963777594,0.050606941064297806,0.18673502625388716,
Krasnodons'kyi,Luhans'k,0.0046540055232553385,0.01,150.00261022140108,0.04671079085473917,0.19440208090408084,
Korops'kyi,Chernihiv,0.004639719711254802,0.01,150.00047287112125,0.020848216803893992,0.272683154500151,
Hrebinkivs'kyi,Poltava,0.004639503026731489,0.01,150.00009798074427,0.018880513146657344,0.2816725815614752,
n.a. ( 384),Donets'k,0.004604128843264371,0.01,150.00241675275004,0.013189179675292649,0.31245309264046905,
Antratsitivs'ka,Luhans'k,0.004594731161241248,0.01,150.0027959462938,0.010524417917934317,0.33023351129784384,
Ladyzhyns'ka,Vinnytsya,0.0045475729297130485,0.01,149.99865823396354,-0.018906135472769932,0.5,
Polons'kyi,Khmel'nyts'kyy,0.004464569880889684,0.01,149.9979437136263,-0.03575507647064951,0.5,
Dniprovs'kyi,Kiev City,0.004435228784185005,0.9209387383496092,149.9997926706747,0.034649371248016196,0.13080104782348106,
Stavyshchens'kyi,Kiev,0.004373924367923092,0.01,149.99896224592712,-0.04582301834541814,0.5,
Valkivs'kyi,Kharkiv,0.0043528970718934665,0.5603281905428624,150.00031111554756,0.00878849769286878,0.39987704431143856,
Talala‹vs'kyi,Chernihiv,0.004276878007895636,0.7987962305942833,150.00041600626855,0.024306356972297615,0.16650372565686217,
Skadovs'kyi,Kherson,0.004268193988511442,0.9811289411402052,150.00001140673348,0.046510957163420165,0.036364687446599375,✓
Drohobyts'ka,L'viv,0.003943502414038938,0.6110255364262591,149.9996862046035,0.0038585850875034276,0.4404832433416275,
Tiachivs'kyi,Zakarpattia,0.0038608248912138004,0.18803025695444125,149.9980238453433,0.044953513542830836,0.2047288725103077,
Borznians'kyi,Chernihiv,0.0037435180498780803,0.8698555250325627,149.99998623523257,0.02398598174029107,0.28276492313074875,
Mukachivs'kyi,Zakarpattia,0.003695063877123922,0.1461076480072015,149.99773553750316,0.027831907064041338,0.26094177351811165,
Kamianets'-Podil's'ka,Khmel'nyts'kyy,0.0035787619291955106,0.1488060966397053,149.99817277806193,0.008275918303347677,0.35919222862292943,
Nosivs'kyi,Chernihiv,0.003515053727542013,0.1564554968108364,149.99979364970375,0.012540352373095809,0.3309102496236328,
Chyhyryns'kyi,Cherkasy,0.0033870535148108646,0.647821133919245,150.00021639730707,0.032573485712039864,0.20368790130549724,
Iakymivs'kyi,Zaporizhia,0.0033516905232856774,0.9442601261381924,150.00125710757055,0.05028555967748963,0.05607858357591661,
Novovodolaz'kyi,Kharkiv,0.00334609971405039,0.8082884651596888,150.02456276508659,0.010186693245827147,0.40841015515318735,
Soviets'kyi,Crimea,0.0032233581379984464,0.6641829072263568,150.00187993520294,0.03665842417343932,0.19323511149082911,
Arbuzyns'kyi,Mykolayiv,0.0031144524739506016,0.8946692249474583,150.00079019540098,0.06576986328421675,0.06547918396864766,
Kalus'kyi,Ivano-Frankivs'k,0.003003200670515276,0.2054676547599018,149.99804224814,0.007077073643938328,0.37695814622598073,
Bars'kyi,Vinnytsya,0.002921872955315899,0.2118043274709457,149.99857663746738,0.006359987404502763,0.3840907029578504,
Hlobyns'kyi,Poltava,0.002841687577359639,0.39900352314093873,150.00025061124077,0.05294397234761971,0.1951590058948816,
Derazhnians'kyi,Khmel'nyts'kyy,0.002547529998355755,0.46408352784123935,149.99337393834315,0.05420978851979015,0.19465539544653931,
Dubens'kyi,Rivne,0.0025152651032695744,0.5824406668374769,149.99962335856657,0.009485455193831658,0.4184808496648056,
Verkhn'odniprovs'kyi,Dnipropetrovs'k,0.0024707992735376874,0.2461237353378572,150.00074298119551,0.004189019232769845,0.410814854024579,
Kanivs'kyi,Cherkasy,0.0023731846415787844,0.4076851019762078,149.99982430600105,0.001432186484573437,0.4521064459385258,
Khmel'nyts'ka,Khmel'nyts'kyy,0.002109643952297905,0.99,149.999728117726,0.05659207259804417,0.024089784000562386,✓
Torez'ka,Donets'k,0.0021048510478870372,0.8549582348941248,150.00263291903872,0.02383353276565008,0.21869516681290224,
Umans'ka,Cherkasy,0.0019261098209648459,0.682680179135924,149.99999089027244,-0.006583181877281235,0.5,
Frunzivs'kyi,Odessa,0.0019162414237524129,0.5941601107009596,149.9989010634156,0.04143818733803858,0.22450997426703517,
Kremenchuts'kyi,Poltava,0.001810984672632421,0.7905307908072038,150.00088454781988,0.008197923185831287,0.34269670139691255,
Iarmolynets'kyi,Khmel'nyts'kyy,0.0018052038909045164,0.22990383649309443,149.9976895240768,-0.03601488286735788,0.5,
Ivanivs'kyi,Kherson,0.0014696976316286956,0.9833885268250521,150.00056698958693,0.03643345552222711,0.062161390977496456,
Reshetylivs'kyi,Poltava,0.0014170674295738487,0.6997375214643841,149.98792437592613,0.045159691661295104,0.21814894349750386,
Milovs'kyi,Luhans'k,0.0014163792458648575,0.6989823918992466,149.9732208887603,0.04482121643706701,0.2188831118406548,
Kerchens'ka,Crimea,0.0012475918601099168,0.5980515996185685,150.00023018696032,0.0032777999442262645,0.4638084803998753,
Mykola‹vs'kyi,Mykolayiv,0.001066968729231802,0.6998239138880433,150.00000022435938,0.000842921659014353,0.4878291012773979,
Sarats'kyi,Odessa,0.0010330990292307112,0.33551064645684436,149.99957948289094,0.001460807280998365,0.4639454538715718,
Sakhnovshchyns'kyi,Kharkiv,0.0007074743331774435,0.9521574108897922,150.0018639429515,0.03481483225069998,0.17281546895794486,
Simferopol's'ka,Crimea,0.0006487064709505,0.99,150.00074680636115,0.030673773193434003,0.08153507452100067,
Zolotonis'kyi,Cherkasy,0.0005931190302368107,0.6533317096307275,149.99999015455845,0.0015697469782109375,0.484853039232596,
Krasnoperekops'kyi,Crimea,0.0004870178960055008,0.9885817680291353,150.00048565240814,0.03751714329751315,0.08473616683821616,
Khotyns'kyi,Chernivtsi,0.00034004691566985633,0.92432244490255,149.99500435886162,0.025259707042022794,0.27540859688032204,
Chervonohrads'ka,L'viv,0.00032546438345897933,0.5846405979576375,149.9995862403951,0.000312771265419924,0.49360964979882266,
Pavlohrads'kyi,Dnipropetrovs'k,0.000268370070283783,0.99,153.10521905209265,0.040506073385202936,0.0814531898594763,
Haivorons'kyi,Kirovohrad,0.0002086522014061669,0.37305155185781846,149.9995016363399,0.00013511395550304232,0.4949153565398412,
Slavuts'kyi,Khmel'nyts'kyy,0.00016703932724495475,0.9895977441428675,149.97696512167042,0.026841455444184644,0.1172520733991455,
Dzhankois'ka,Crimea,0.0,0.4718217838603017,150.00035953644593,0.0,0.5,
Chornomors'kyi,Crimea,0.0,0.7017912431379463,150.00000069600665,0.0,0.4999998496095823,
Brusylivs'kyi,Zhytomyr,0.0,0.46989934598300476,149.99956545280062,0.0,0.5,
Bobrovyts'kyi,Chernihiv,0.0,0.6103935201958262,149.99998827804242,0.0,0.5,
Korostens'ka,Zhytomyr,0.0,0.6945580354654535,149.9999995545321,0.0,0.5,
Korostens'kyi,Zhytomyr,0.0,0.470394793956312,149.9994825873498,0.0,0.5,
Narodyts'kyi,Zhytomyr,0.0,0.5546680918134953,149.9997417925501,0.0,0.5,
Novohrad-Volyns'ka,Zhytomyr,0.0,0.6433829549624687,149.99987515180445,0.0,0.5,
Sokyrians'kyi,Chernivtsi,0.0,0.4706017630796852,149.99932694972887,0.0,0.5,
Cherniakhivs'kyi,Zhytomyr,0.0,0.47062421185223086,149.99946649156024,0.0,0.49999996637168026,
Chernihivs'kyi,Chernihiv,0.0,0.6904534283002622,149.9999997452995,0.0,0.5,
Chernihivs'ka,Chernihiv,0.0,0.6864182528653034,149.99999977942494,0.0,0.5,
Tel'manivs'kyi,Donets'k,0.0,0.6932110910888447,149.9999999433245,0.0,0.5,
Shakhtars'kyi,Donets'k,0.0,0.6824654481189777,150.0000002045023,0.0,0.5,
Shevchenkivs'kyi,Kiev City,0.0,0.6913852238284788,149.99999968894932,0.0,0.5,
Pechers'kyi,Kiev City,0.0,0.7003106608933853,149.99999892565458,0.0,0.49999986548672115,
Solomians'kyi,Kiev City,0.0,0.6921877649138417,149.9999996062583,0.0,0.5,
Sviatoshyns'kyi,Kiev City,0.0,0.8349327135936336,149.9999993890665,0.0,0.5,
Dolyns'kyi,Kirovohrad,0.0,0.5233698614465053,150.00011672918035,0.0,0.5,
Podil's'kyi,Kiev City,0.0,0.7353132814920206,149.99999927923105,0.0,0.5,
Kirovohrads'kyi,Kirovohrad,0.0,0.6923388702276853,149.99999997498986,0.0,0.5,
Oleksandriis'kyi,Kirovohrad,0.0,0.6113642467677215,150.00007540676611,0.0,0.5,
Oleksandrivs'kyi,Kirovohrad,0.0,0.5234437602977544,150.00001096390753,0.0,0.5,
Vuhledars'ka,Donets'k,0.0,0.6943730595812283,149.99999867873046,0.0,0.5,
Bohorodchans'kyi,Ivano-Frankivs'k,0.0,0.38345419802803304,149.9987458178405,0.0,0.5,
Halyts'kyi,Ivano-Frankivs'k,0.0,0.6245558708412835,149.99975756883094,0.0,0.5,
Radekhivs'kyi,L'viv,0.0,0.4698090933029153,149.99914202834697,0.0,0.5,
Holovanivs'kyi,Kirovohrad,0.0,0.5225280973363177,149.9998034357709,0.0,0.5,
Sambirs'kyi,L'viv,0.0,0.01,149.99864565778304,0.0,0.5,
Zhydachivs'kyi,L'viv,0.0,0.3525153776547219,149.99872290447067,0.0,0.5,
Alushtyns'ka,Crimea,0.0,0.38147280020247176,150.00045759039472,0.0,0.5,
Ialtyns'ka,Crimea,0.0,0.471415266183998,150.0002715522565,0.0,0.5,
Nizhyns'ka,Chernihiv,0.0,0.6901533251890283,149.9999995922952,0.0,0.5,
Pryluts'kyi,Chernihiv,0.0,0.6946117755175191,149.99999941010861,0.0,0.5,
Ichnians'kyi,Chernihiv,0.0,0.4692644260789088,150.00005199401707,0.0,0.5,
Mens'kyi,Chernihiv,0.0,0.6969165937302393,149.99999943156462,0.0,0.5,
Bus'kyi,L'viv,0.0,0.46991419111734295,149.99913518827952,0.0,0.5,
Brodivs'kyi,L'viv,0.0,0.46626511108479124,149.99913630037034,0.0,0.4999994175404168,
Kamianka-Buz'kyi,L'viv,0.0,0.4656407817193826,149.99910053523624,0.0,0.5,
Iavorivs'kyi,L'viv,0.0,0.6614061074236689,149.99987715926278,0.0,0.5,
L'vivs'ka,L'viv,0.0,0.6928027896133595,149.99999954453267,0.0,0.5,
Pustomytivs'kyi,L'viv,0.0,0.3235244899277901,149.99872122694907,0.0,0.5,
Chudnivs'kyi,Zhytomyr,0.0,0.6276768976071966,149.99983613552718,0.0,0.5,
Berdychivs'ka,Zhytomyr,0.0,0.5582578382369838,149.99966746146455,0.0,0.5,
Rubezhans'ka,Luhans'k,0.0,0.6906979800706151,150.00000032000423,0.0,0.5,
Popasnians'kyi,Luhans'k,0.0,0.6821186346298681,150.00000014145763,0.0,0.5,
Pereval's'kyi,Luhans'k,0.0,0.6913576264133343,150.00000026147475,0.0,0.5,
Novopskovs'kyi,Luhans'k,0.0,0.588637389408706,150.00039252283764,0.0,0.5,
Novoaidars'kyi,Luhans'k,0.0,0.6673770959782601,149.99999768627563,0.0,0.5,
n.a. ( 182),Luhans'k,0.0,0.6855024665986179,150.00000035466485,0.0,0.5,
Lysychans'ka,Luhans'k,0.0,0.6871701955247995,150.00000021755477,0.0,0.5,
Lutuhyns'kyi,Luhans'k,0.0,0.6730357031730193,150.0019041165462,0.0,0.5,
Bilokurakyns'kyi,Luhans'k,0.0,0.6111836735609469,150.00030053402293,0.0,0.5,
Luhans'ka,Luhans'k,0.0,0.6950429891764653,150.00000015971014,0.0,0.5,
Kirovs'ka,Luhans'k,0.0,0.6940169022855193,150.0000006377051,0.0,0.5,
Briankivs'ka,Luhans'k,0.0,0.5599279863482369,150.00051629782288,0.0,0.4999998318584014,
Zolochivs'kyi,L'viv,0.0,0.6113580087691907,149.99969453999893,0.0,0.5,
Antratsytivs'kyi,Luhans'k,0.0,0.4688860703085683,150.00090152921845,0.0,0.4999998010521776,
Stanychno-Luhans'kyi,Luhans'k,0.0,0.7017491195776151,149.99999926319603,0.0,0.5,
Sieverodonets'ka,Luhans'k,0.0,0.6860188226908718,150.00000054927185,0.0,0.4999997309734423,
Irpins'ka,Kiev,0.0,0.6898537767219284,149.99999963205946,0.0,0.5,
Ivankivs'kyi,Kiev,0.0,0.6050537899979177,149.99987524494432,0.0,0.5,
Kyievo-Sviatoshyns'kyi,Kiev,0.0,0.6896359225874416,149.99999968848303,0.0,0.5,
Kaharlyts'kyi,Kiev,0.0,0.38370521140245883,149.9996740791305,0.0,0.5,
Polis'kyi,Kiev,0.0,0.024535461556522635,149.99946104999486,0.0,0.5,
Rokytnians'kyi,Kiev,0.0,0.4664097051262783,149.99970036286953,0.0,0.5,
Vasyl'kivs'kyi,Kiev,0.0,0.7011125352445231,150.00000003114206,0.0,0.5,
Makarivs'kyi,Kiev,0.0,0.6901036872335047,149.99999963217823,0.0,0.5,
Tro‹ts'kyi,Luhans'k,0.0,0.6800774769599603,149.99999916594794,0.0,0.5,
Berezans'kyi,Mykolayiv,0.0,0.658769805372443,149.99999741672394,0.0,0.5,
Baryshivs'kyi,Kiev,0.0,0.554330867333228,149.99991604689654,0.0,0.5,
Stakhanivs'ka,Luhans'k,0.0,0.6914314124264684,149.9999994486718,0.0,0.5,
Pershotravnevyi,Donets'k,0.0,0.690124429842263,150.00000052290505,0.0,0.5,
Horlivs'ka,Donets'k,0.0,0.6923944037690353,149.99999931773664,0.0,0.5,
Ienakiievs'ka,Donets'k,0.0,0.6933846016029428,149.9999998224901,0.0,0.5,
Mariupol's'ka,Donets'k,0.0,0.6851207083600549,150.0000005697488,0.0,0.5,
Bilia‹vs'kyi,Odessa,0.0,0.6946058217530496,150.00000008065956,0.0,0.5,
Bilhorod-Dnistrovs'kyi,Odessa,0.0,0.6946973646648685,149.99999988868987,0.0,0.5,
Artsyz'kyi,Odessa,0.0,0.586493310866421,149.9998583037046,0.0,0.5,
Veselynivs'kyi,Mykolayiv,0.0,0.5865042354683764,149.99996296542326,0.0,0.5,
Pervomais'kyi,Mykolayiv,0.0,0.4687480742934413,149.9998136789169,0.0,0.5,
Pervomais'ka,Mykolayiv,0.0,0.7097563195597687,149.9945673767637,0.0,0.5,
Mykola‹vs'ka,Mykolayiv,0.0,0.6922490259434613,149.99999984147522,0.0,0.5,
Vyshhorods'kyi,Kiev,0.0,0.6892506417818143,149.99999970003063,0.0,0.5,
Novomoskovs'kyi,Dnipropetrovs'k,0.0,0.6851656412841653,150.00000068851335,0.0,0.5,
Sofi‹vs'kyi,Dnipropetrovs'k,0.0,0.3816606546352841,150.00049244205428,0.0,0.5,
Kotovs'ka,Odessa,0.0,0.5207465232879948,149.9997111373074,0.0,0.5,
Kiliis'kyi,Odessa,0.0,0.69399853986907,150.00000009984785,0.0,0.5,
Kryvoriz'kyi,Dnipropetrovs'k,0.0,0.7059741375818818,149.99999984255095,0.0,0.5,
KryvyiRig,Dnipropetrovs'k,0.0,0.7046838884722237,149.99999972338298,0.0,0.5,
Mahdalynivs'kyi,Dnipropetrovs'k,0.0,0.3818441582661831,150.00070090830857,0.0,0.5,
Ivanivs'kyi,Odessa,0.0,0.3817810223602771,149.9997262184493,0.0,0.5,
Tatarbunars'kyi,Odessa,0.0,0.4952559571118716,149.99998999133834,0.0,0.4999995641271596,
Shyria‹vs'kyi,Odessa,0.0,0.3823925910723896,149.99964597210817,0.0,0.5,
Ovidiopol's'kyi,Odessa,0.0,0.6778504142115999,149.99999990214414,0.0,0.5,
Mykola‹vs'kyi,Odessa,0.0,0.4683623824837609,149.9997964283441,0.0,0.5,
Kominternivs'kyi,Odessa,0.0,0.6938215155468488,149.99999995931339,0.0,0.5,
Nyzhn'osirohoz'kyi,Kherson,0.0,0.560106156218646,150.00025279129542,0.0,0.5,
Shepetivs'ka,Khmel'nyts'kyy,0.0,0.49291797161218326,149.99994760331808,0.0,0.5,
Hadiats'kyi,Poltava,0.0,0.36705330637944394,150.0004376139507,0.0,0.5,
Starokostiantynivs'kyi,Khmel'nyts'kyy,0.0,0.6932257445695499,149.9999995226359,0.0,0.5,
Karlivs'kyi,Poltava,0.0,0.5202629309041855,150.00039996990714,0.0,0.5,
Komsomol's'ka,Poltava,0.0,0.38316697315461135,150.00037681412596,0.0,0.5,
Bilotserkivs'ka,Kiev,0.0,0.6959946808643989,149.9999994683361,0.0,0.5,
Borodians'kyi,Kiev,0.0,0.7002148750875585,149.99999988605546,0.0,0.5,
Brovars'ka,Kiev,0.0,0.6908081729145836,149.99999960747346,0.0,0.5,
Brovars'kyi,Kiev,0.0,0.689401147049568,149.99999971067732,0.0,0.5,
Sverdlovs'ka,Luhans'k,0.0,0.5602533111936067,150.00053182169876,0.0,0.5,
Poltavs'kyi,Poltava,0.0,0.3818207293390927,150.00059081962684,0.0,0.5,
Poltavs'ka,Poltava,0.0,0.6966458068346738,149.9999999732393,0.0,0.5,
Myrhorods'kyi,Poltava,0.0,0.6963399669063366,149.99999995383854,0.0,0.5,
Mashivs'kyi,Poltava,0.0,0.470185441305238,150.00046479350672,0.0,0.5,
Lokhvyts'kyi,Poltava,0.0,0.4707821496032251,150.00018557607808,0.0,0.49999977820599856,
Rivnens'kyi,Rivne,0.0,0.51776116562354,149.99941166658135,0.0,0.5,
Rivnens'ka,Rivne,0.0,0.7008544077472981,149.99999928909557,0.0,0.5,
Shyshats'kyi,Poltava,0.0,0.36693841122862125,150.0004608991713,0.0,0.5,
Zdolbunivs'kyi,Rivne,0.0,0.38132930642131646,149.99891821782285,0.0,0.5,
Sarnens'kyi,Rivne,0.0,0.6100869935985281,149.99975631318466,0.0,0.5,
Nyzhn'ohirs'kyi,Crimea,0.0,0.41304457883482876,150.00965626914652,0.0,0.5,
Lenins'kyi,Crimea,0.0,0.4713471761881526,150.0005096588959,0.0,0.4999996151062885,
Pervomais'kyi,Crimea,0.0,0.4706074984589533,150.00028748467437,0.0,0.5,
Rozdol'nens'kyi,Crimea,0.0,0.6311117637057535,150.00006477820315,0.0,0.5,
Zin'kivs'kyi,Poltava,0.0,0.5596563579812595,150.00021651561897,0.0,0.5,
Dubrovyts'kyi,Rivne,0.0,0.01,149.99904493148168,0.0,0.5,
Iurïvs'kyi,Dnipropetrovs'k,0.0,0.5877911152533609,150.00029839995338,0.0,0.5,
Krynychans'kyi,Dnipropetrovs'k,0.0,0.588472462863735,150.00018411882905,0.0,0.5,
Balaklavs'kyi,Sevastopol',0.0,0.5600345907607205,150.000136255256,0.0,0.5,
Lebedyns'kyi,Sumy,0.0,0.6883685718176324,149.99999997439988,0.0,0.5,
Lypovodolyns'kyi,Sumy,0.0,0.4704697091034223,150.0002917129694,0.0,0.5,
Okhtyrs'ka,Sumy,0.0,0.6902822895300496,150.00000030103982,0.0,0.5,
Shostkins'ka,Sumy,0.0,0.6973413334401084,149.99999925970445,0.0,0.5,
Shostkins'kyi,Sumy,0.0,0.686877056868376,149.99999665657919,0.0,0.5,
Sums'ka,Sumy,0.0,0.690418458023874,149.999997822582,0.0,0.4999998097694967,
Trostianets'kyi,Sumy,0.0,0.6952353468919723,149.9999997918851,0.0,0.5,
Chortkivs'kyi,Ternopil',0.0,0.3823331218798277,149.9988587948569,0.0,0.5,
Kremenets'kyi,Ternopil',0.0,0.38183284657063254,149.99883280753932,0.0,0.5,
Ternopil's'ka,Ternopil',0.0,0.7024217817397219,149.99999926367974,0.0,0.5,
Kalynivs'kyi,Vinnytsya,0.0,0.5169712069221026,149.99956104422995,0.0,0.49999967223168357,
Apostolivs'kyi,Dnipropetrovs'k,0.0,0.6971213463387141,149.99999912211283,0.0,0.5,
Dnipropetrovs'ka,Dnipropetrovs'k,0.0,0.6977701658177017,150.00000009254777,0.0,0.5,
Ovruts'kyi,Zhytomyr,0.0,0.5831465436377955,149.99977318393766,0.0,0.5,
Koziatyns'kyi,Vinnytsya,0.0,0.47070442887232067,149.99946112120722,0.0,0.5,
Lozivs'kyi,Kharkiv,0.0,0.6957374390913017,150.0000006996019,0.0,0.5,
Krasnokuts'kyi,Kharkiv,0.0,0.6444092815373845,150.00009573156794,0.0,0.5,
Pervomais'kyi,Kharkiv,0.0,0.6778380326859698,149.99999097838847,0.0,0.5,
Nadvirnians'kyi,Ivano-Frankivs'k,0.0,0.47023317245756385,149.99911251818048,0.0,0.5,
Tlumats'kyi,Ivano-Frankivs'k,0.0,0.3819132144296231,149.99879885757466,0.0,0.5,
Lozivs'ka,Kharkiv,0.0,0.6909686342531635,150.00000036798278,0.0,0.5,
Chuhu‹vs'ka,Kharkiv,0.0,0.6919978384336704,149.99999997022806,0.0,0.5,
Iziums'ka,Kharkiv,0.0,0.6916686607768474,150.00000022506495,0.0,0.5,
Kharkivs'ka,Kharkiv,0.0,0.6893835152878197,150.0000001284883,0.0,0.5,
Mohyliv-Podil's'kyi,Vinnytsya,0.0,0.38376009187926396,149.99913839604486,0.0,0.5,
Tul'chyns'kyi,Vinnytsya,0.0,0.46650826521164407,149.99948208564717,0.0,0.5,
Vinnyts'ka,Vinnytsya,0.0,0.6933022535890127,149.99999979655257,0.0,0.5,
Vinnyts'kyi,Vinnytsya,0.0,0.559617529793917,149.9996702808548,0.0,0.5,
Blyzniukivs'kyi,Kharkiv,0.0,0.7006972881689443,150.00000097532111,0.0,0.5,
Zhmeryns'ka,Vinnytsya,0.0,0.46874868394581165,149.999393772888,0.0,0.5,
Kivertsivs'kyi,Volyn,0.0,0.34868131731579705,149.99889388524085,0.0,0.5,
Ratnivs'kyi,Volyn,0.0,0.4188825642194606,149.99891103526414,0.0,0.5,
Luts'ka,Volyn,0.0,0.6658635191930626,149.99992573134355,0.0,0.5,
Mukachivs'ka,Zakarpattia,0.0,0.38178131567702933,149.9986971024426,0.0,0.5,
Volovets'kyi,Zakarpattia,0.0,0.3818028919495953,149.99869532950268,0.0,0.5,
Sribnians'kyi,Chernihiv,0.0,0.5217242162066379,150.00009186546814,0.0,0.5,
Volodymyr-Volyns'kyi,Volyn,0.0,0.01,149.99876239660242,0.0,0.5,
Berdians'kyi,Zaporizhia,0.0,0.5877834844857295,150.000256503622,0.0,0.5,
Cherkas'kyi,Cherkasy,0.0,0.5598924362990633,149.99997637697783,0.0,0.4999996637168029,
Pryazovs'kyi,Zaporizhia,0.0,0.6123021232499514,150.00008073540903,0.0,0.5,
Popil'nians'kyi,Zhytomyr,0.0,0.38184193757603224,149.9993780567607,0.0,0.5,
Radomyshl's'kyi,Zhytomyr,0.0,0.46826466172858355,149.99953986222314,0.0,0.5,
Zhytomyrs'ka,Zhytomyr,0.0,0.6925713227272366,149.99999960084764,0.0,0.5,
Zhytomyrs'kyi,Zhytomyr,0.0,0.5716375071012173,150.0076220111726,0.0,0.5,
NA,Zhytomyr,0.0,0.6931595070603414,149.99999948196904,0.0,0.5,
